# form	lemma	pos	features
красивый	красивый	ADJ	gender=masc|number=sing|case=nom|adj_form=full|degree=pos
красивого	красивый	ADJ	gender=masc|number=sing|case=gen|adj_form=full|degree=pos
красивыйому	красивый	ADJ	gender=masc|number=sing|case=dat|adj_form=full|degree=pos
красивыйым	красивый	ADJ	gender=masc|number=sing|case=ins|adj_form=full|degree=pos
красивыйом	красивый	ADJ	gender=masc|number=sing|case=prep|adj_form=full|degree=pos
красивая	красивый	ADJ	gender=fem|number=sing|case=nom|adj_form=full|degree=pos
красиваой	красивый	ADJ	gender=fem|number=sing|case=gen|adj_form=full|degree=pos
красивую	красивый	ADJ	gender=fem|number=sing|case=acc|adj_form=full|degree=pos
красивое	красивый	ADJ	gender=neut|number=sing|case=nom|adj_form=full|degree=pos
красивые	красивый	ADJ	number=plur|case=nom|adj_form=full|degree=pos
красивых	красивый	ADJ	number=plur|case=gen|adj_form=full|degree=pos
красивыйым	красивый	ADJ	number=plur|case=dat|adj_form=full|degree=pos
новый	новый	ADJ	gender=masc|number=sing|case=nom|adj_form=full|degree=pos
нового	новый	ADJ	gender=masc|number=sing|case=gen|adj_form=full|degree=pos
новому	новый	ADJ	gender=masc|number=sing|case=dat|adj_form=full|degree=pos
новая	новый	ADJ	gender=fem|number=sing|case=nom|adj_form=full|degree=pos
новую	новый	ADJ	gender=fem|number=sing|case=acc|adj_form=full|degree=pos
новое	новый	ADJ	gender=neut|number=sing|case=nom|adj_form=full|degree=pos
новые	новый	ADJ	number=plur|case=nom|adj_form=full|degree=pos
новых	новый	ADJ	number=plur|case=gen|adj_form=full|degree=pos
маленький	маленький	ADJ	gender=masc|number=sing|case=nom|adj_form=full|degree=pos
маленького	маленький	ADJ	gender=masc|number=sing|case=gen|adj_form=full|degree=pos
маленькийому	маленький	ADJ	gender=masc|number=sing|case=dat|adj_form=full|degree=pos
маленькийым	маленький	ADJ	gender=masc|number=sing|case=ins|adj_form=full|degree=pos
маленькийом	маленький	ADJ	gender=masc|number=sing|case=prep|adj_form=full|degree=pos
маленькая	маленький	ADJ	gender=fem|number=sing|case=nom|adj_form=full|degree=pos
маленькаой	маленький	ADJ	gender=fem|number=sing|case=gen|adj_form=full|degree=pos
маленькую	маленький	ADJ	gender=fem|number=sing|case=acc|adj_form=full|degree=pos
маленькое	маленький	ADJ	gender=neut|number=sing|case=nom|adj_form=full|degree=pos
маленькие	маленький	ADJ	number=plur|case=nom|adj_form=full|degree=pos
маленьких	маленький	ADJ	number=plur|case=gen|adj_form=full|degree=pos
маленькийым	маленький	ADJ	number=plur|case=dat|adj_form=full|degree=pos
большой	большой	ADJ	gender=masc|number=sing|case=nom|adj_form=full|degree=pos
большого	большой	ADJ	gender=masc|number=sing|case=gen|adj_form=full|degree=pos
большойому	большой	ADJ	gender=masc|number=sing|case=dat|adj_form=full|degree=pos
большойым	большой	ADJ	gender=masc|number=sing|case=ins|adj_form=full|degree=pos
большойом	большой	ADJ	gender=masc|number=sing|case=prep|adj_form=full|degree=pos
большая	большой	ADJ	gender=fem|number=sing|case=nom|adj_form=full|degree=pos
большаой	большой	ADJ	gender=fem|number=sing|case=gen|adj_form=full|degree=pos
большую	большой	ADJ	gender=fem|number=sing|case=acc|adj_form=full|degree=pos
большое	большой	ADJ	gender=neut|number=sing|case=nom|adj_form=full|degree=pos
большие	большой	ADJ	number=plur|case=nom|adj_form=full|degree=pos
больших	большой	ADJ	number=plur|case=gen|adj_form=full|degree=pos
большойым	большой	ADJ	number=plur|case=dat|adj_form=full|degree=pos
хороший	хороший	ADJ	gender=masc|number=sing|case=nom|adj_form=full|degree=pos
хорошего	хороший	ADJ	gender=masc|number=sing|case=gen|adj_form=full|degree=pos
хорошийому	хороший	ADJ	gender=masc|number=sing|case=dat|adj_form=full|degree=pos
хорошийым	хороший	ADJ	gender=masc|number=sing|case=ins|adj_form=full|degree=pos
хорошийом	хороший	ADJ	gender=masc|number=sing|case=prep|adj_form=full|degree=pos
хорошая	хороший	ADJ	gender=fem|number=sing|case=nom|adj_form=full|degree=pos
хорошаой	хороший	ADJ	gender=fem|number=sing|case=gen|adj_form=full|degree=pos
хорошую	хороший	ADJ	gender=fem|number=sing|case=acc|adj_form=full|degree=pos
хорошее	хороший	ADJ	gender=neut|number=sing|case=nom|adj_form=full|degree=pos
хорошие	хороший	ADJ	number=plur|case=nom|adj_form=full|degree=pos
хороших	хороший	ADJ	number=plur|case=gen|adj_form=full|degree=pos
хорошийым	хороший	ADJ	number=plur|case=dat|adj_form=full|degree=pos
важный	важный	ADJ	gender=masc|number=sing|case=nom|adj_form=full|degree=pos
важного	важный	ADJ	gender=masc|number=sing|case=gen|adj_form=full|degree=pos
важному	важный	ADJ	gender=masc|number=sing|case=dat|adj_form=full|degree=pos
важныйому	важный	ADJ	gender=masc|number=sing|case=dat|adj_form=full|degree=pos
важныйым	важный	ADJ	gender=masc|number=sing|case=ins|adj_form=full|degree=pos
важныйом	важный	ADJ	gender=masc|number=sing|case=prep|adj_form=full|degree=pos
важная	важный	ADJ	gender=fem|number=sing|case=nom|adj_form=full|degree=pos
важнаой	важный	ADJ	gender=fem|number=sing|case=gen|adj_form=full|degree=pos
важную	важный	ADJ	gender=fem|number=sing|case=acc|adj_form=full|degree=pos
важное	важный	ADJ	gender=neut|number=sing|case=nom|adj_form=full|degree=pos
важные	важный	ADJ	number=plur|case=nom|adj_form=full|degree=pos
важных	важный	ADJ	number=plur|case=gen|adj_form=full|degree=pos
важныйым	важный	ADJ	number=plur|case=dat|adj_form=full|degree=pos
быстрый	быстрый	ADJ	gender=masc|number=sing|case=nom|adj_form=full|degree=pos
быстрого	быстрый	ADJ	gender=masc|number=sing|case=gen|adj_form=full|degree=pos
быстрыйому	быстрый	ADJ	gender=masc|number=sing|case=dat|adj_form=full|degree=pos
быстрыйым	быстрый	ADJ	gender=masc|number=sing|case=ins|adj_form=full|degree=pos
быстрыйом	быстрый	ADJ	gender=masc|number=sing|case=prep|adj_form=full|degree=pos
быстрая	быстрый	ADJ	gender=fem|number=sing|case=nom|adj_form=full|degree=pos
быстраой	быстрый	ADJ	gender=fem|number=sing|case=gen|adj_form=full|degree=pos
быструю	быстрый	ADJ	gender=fem|number=sing|case=acc|adj_form=full|degree=pos
быстрое	быстрый	ADJ	gender=neut|number=sing|case=nom|adj_form=full|degree=pos
быстрые	быстрый	ADJ	number=plur|case=nom|adj_form=full|degree=pos
быстрых	быстрый	ADJ	number=plur|case=gen|adj_form=full|degree=pos
быстрыйым	быстрый	ADJ	number=plur|case=dat|adj_form=full|degree=pos
точный	точный	ADJ	gender=masc|number=sing|case=nom|adj_form=full|degree=pos
точного	точный	ADJ	gender=masc|number=sing|case=gen|adj_form=full|degree=pos
точныйому	точный	ADJ	gender=masc|number=sing|case=dat|adj_form=full|degree=pos
точныйым	точный	ADJ	gender=masc|number=sing|case=ins|adj_form=full|degree=pos
точныйом	точный	ADJ	gender=masc|number=sing|case=prep|adj_form=full|degree=pos
точная	точный	ADJ	gender=fem|number=sing|case=nom|adj_form=full|degree=pos
точнаой	точный	ADJ	gender=fem|number=sing|case=gen|adj_form=full|degree=pos
точную	точный	ADJ	gender=fem|number=sing|case=acc|adj_form=full|degree=pos
точное	точный	ADJ	gender=neut|number=sing|case=nom|adj_form=full|degree=pos
точные	точный	ADJ	number=plur|case=nom|adj_form=full|degree=pos
точных	точный	ADJ	number=plur|case=gen|adj_form=full|degree=pos
точныйым	точный	ADJ	number=plur|case=dat|adj_form=full|degree=pos
умный	умный	ADJ	gender=masc|number=sing|case=nom|adj_form=full|degree=pos
умного	умный	ADJ	gender=masc|number=sing|case=gen|adj_form=full|degree=pos
умныйому	умный	ADJ	gender=masc|number=sing|case=dat|adj_form=full|degree=pos
умныйым	умный	ADJ	gender=masc|number=sing|case=ins|adj_form=full|degree=pos
умныйом	умный	ADJ	gender=masc|number=sing|case=prep|adj_form=full|degree=pos
умная	умный	ADJ	gender=fem|number=sing|case=nom|adj_form=full|degree=pos
умнаой	умный	ADJ	gender=fem|number=sing|case=gen|adj_form=full|degree=pos
умную	умный	ADJ	gender=fem|number=sing|case=acc|adj_form=full|degree=pos
умное	умный	ADJ	gender=neut|number=sing|case=nom|adj_form=full|degree=pos
умные	умный	ADJ	number=plur|case=nom|adj_form=full|degree=pos
умных	умный	ADJ	number=plur|case=gen|adj_form=full|degree=pos
умныйым	умный	ADJ	number=plur|case=dat|adj_form=full|degree=pos
свободный	свободный	ADJ	gender=masc|number=sing|case=nom|adj_form=full|degree=pos
свободного	свободный	ADJ	gender=masc|number=sing|case=gen|adj_form=full|degree=pos
свободныйому	свободный	ADJ	gender=masc|number=sing|case=dat|adj_form=full|degree=pos
свободныйым	свободный	ADJ	gender=masc|number=sing|case=ins|adj_form=full|degree=pos
свободныйом	свободный	ADJ	gender=masc|number=sing|case=prep|adj_form=full|degree=pos
свободная	свободный	ADJ	gender=fem|number=sing|case=nom|adj_form=full|degree=pos
свободнаой	свободный	ADJ	gender=fem|number=sing|case=gen|adj_form=full|degree=pos
свободную	свободный	ADJ	gender=fem|number=sing|case=acc|adj_form=full|degree=pos
свободное	свободный	ADJ	gender=neut|number=sing|case=nom|adj_form=full|degree=pos
свободные	свободный	ADJ	number=plur|case=nom|adj_form=full|degree=pos
свободных	свободный	ADJ	number=plur|case=gen|adj_form=full|degree=pos
свободныйым	свободный	ADJ	number=plur|case=dat|adj_form=full|degree=pos
белый	белый	ADJ	gender=masc|number=sing|case=nom|adj_form=full|degree=pos
белого	белый	ADJ	gender=masc|number=sing|case=gen|adj_form=full|degree=pos
белыйому	белый	ADJ	gender=masc|number=sing|case=dat|adj_form=full|degree=pos
белыйым	белый	ADJ	gender=masc|number=sing|case=ins|adj_form=full|degree=pos
белыйом	белый	ADJ	gender=masc|number=sing|case=prep|adj_form=full|degree=pos
белая	белый	ADJ	gender=fem|number=sing|case=nom|adj_form=full|degree=pos
белаой	белый	ADJ	gender=fem|number=sing|case=gen|adj_form=full|degree=pos
белую	белый	ADJ	gender=fem|number=sing|case=acc|adj_form=full|degree=pos
белое	белый	ADJ	gender=neut|number=sing|case=nom|adj_form=full|degree=pos
белые	белый	ADJ	number=plur|case=nom|adj_form=full|degree=pos
белых	белый	ADJ	number=plur|case=gen|adj_form=full|degree=pos
белыйым	белый	ADJ	number=plur|case=dat|adj_form=full|degree=pos
чёрный	чёрный	ADJ	gender=masc|number=sing|case=nom|adj_form=full|degree=pos
чёрного	чёрный	ADJ	gender=masc|number=sing|case=gen|adj_form=full|degree=pos
чёрныйому	чёрный	ADJ	gender=masc|number=sing|case=dat|adj_form=full|degree=pos
чёрныйым	чёрный	ADJ	gender=masc|number=sing|case=ins|adj_form=full|degree=pos
чёрныйом	чёрный	ADJ	gender=masc|number=sing|case=prep|adj_form=full|degree=pos
чёрная	чёрный	ADJ	gender=fem|number=sing|case=nom|adj_form=full|degree=pos
чёрнаой	чёрный	ADJ	gender=fem|number=sing|case=gen|adj_form=full|degree=pos
чёрную	чёрный	ADJ	gender=fem|number=sing|case=acc|adj_form=full|degree=pos
чёрное	чёрный	ADJ	gender=neut|number=sing|case=nom|adj_form=full|degree=pos
чёрные	чёрный	ADJ	number=plur|case=nom|adj_form=full|degree=pos
чёрных	чёрный	ADJ	number=plur|case=gen|adj_form=full|degree=pos
чёрныйым	чёрный	ADJ	number=plur|case=dat|adj_form=full|degree=pos
русский	русский	ADJ	gender=masc|number=sing|case=nom|adj_form=full|degree=pos
русского	русский	ADJ	gender=masc|number=sing|case=gen|adj_form=full|degree=pos
русскийому	русский	ADJ	gender=masc|number=sing|case=dat|adj_form=full|degree=pos
русскийым	русский	ADJ	gender=masc|number=sing|case=ins|adj_form=full|degree=pos
русскийом	русский	ADJ	gender=masc|number=sing|case=prep|adj_form=full|degree=pos
русская	русский	ADJ	gender=fem|number=sing|case=nom|adj_form=full|degree=pos
русскаой	русский	ADJ	gender=fem|number=sing|case=gen|adj_form=full|degree=pos
русскую	русский	ADJ	gender=fem|number=sing|case=acc|adj_form=full|degree=pos
русское	русский	ADJ	gender=neut|number=sing|case=nom|adj_form=full|degree=pos
русские	русский	ADJ	number=plur|case=nom|adj_form=full|degree=pos
русских	русский	ADJ	number=plur|case=gen|adj_form=full|degree=pos
русскийым	русский	ADJ	number=plur|case=dat|adj_form=full|degree=pos
первый	первый	ADJ	gender=masc|number=sing|case=nom|adj_form=full|degree=pos
первого	первый	ADJ	gender=masc|number=sing|case=gen|adj_form=full|degree=pos
первыйому	первый	ADJ	gender=masc|number=sing|case=dat|adj_form=full|degree=pos
первыйым	первый	ADJ	gender=masc|number=sing|case=ins|adj_form=full|degree=pos
первыйом	первый	ADJ	gender=masc|number=sing|case=prep|adj_form=full|degree=pos
первая	первый	ADJ	gender=fem|number=sing|case=nom|adj_form=full|degree=pos
перваой	первый	ADJ	gender=fem|number=sing|case=gen|adj_form=full|degree=pos
первую	первый	ADJ	gender=fem|number=sing|case=acc|adj_form=full|degree=pos
первое	первый	ADJ	gender=neut|number=sing|case=nom|adj_form=full|degree=pos
первые	первый	ADJ	number=plur|case=nom|adj_form=full|degree=pos
первых	первый	ADJ	number=plur|case=gen|adj_form=full|degree=pos
первыйым	первый	ADJ	number=plur|case=dat|adj_form=full|degree=pos
последний	последний	ADJ	gender=masc|number=sing|case=nom|adj_form=full|degree=pos
последнего	последний	ADJ	gender=masc|number=sing|case=gen|adj_form=full|degree=pos
последнийому	последний	ADJ	gender=masc|number=sing|case=dat|adj_form=full|degree=pos
последнийым	последний	ADJ	gender=masc|number=sing|case=ins|adj_form=full|degree=pos
последнийом	последний	ADJ	gender=masc|number=sing|case=prep|adj_form=full|degree=pos
последняя	последний	ADJ	gender=fem|number=sing|case=nom|adj_form=full|degree=pos
последняой	последний	ADJ	gender=fem|number=sing|case=gen|adj_form=full|degree=pos
последнюю	последний	ADJ	gender=fem|number=sing|case=acc|adj_form=full|degree=pos
последнее	последний	ADJ	gender=neut|number=sing|case=nom|adj_form=full|degree=pos
последние	последний	ADJ	number=plur|case=nom|adj_form=full|degree=pos
последних	последний	ADJ	number=plur|case=gen|adj_form=full|degree=pos
последнийым	последний	ADJ	number=plur|case=dat|adj_form=full|degree=pos
высокий	высокий	ADJ	gender=masc|number=sing|case=nom|adj_form=full|degree=pos
высокого	высокий	ADJ	gender=masc|number=sing|case=gen|adj_form=full|degree=pos
высокийому	высокий	ADJ	gender=masc|number=sing|case=dat|adj_form=full|degree=pos
высокийым	высокий	ADJ	gender=masc|number=sing|case=ins|adj_form=full|degree=pos
высокийом	высокий	ADJ	gender=masc|number=sing|case=prep|adj_form=full|degree=pos
высокая	высокий	ADJ	gender=fem|number=sing|case=nom|adj_form=full|degree=pos
высокаой	высокий	ADJ	gender=fem|number=sing|case=gen|adj_form=full|degree=pos
высокую	высокий	ADJ	gender=fem|number=sing|case=acc|adj_form=full|degree=pos
высокое	высокий	ADJ	gender=neut|number=sing|case=nom|adj_form=full|degree=pos
высокие	высокий	ADJ	number=plur|case=nom|adj_form=full|degree=pos
высоких	высокий	ADJ	number=plur|case=gen|adj_form=full|degree=pos
высокийым	высокий	ADJ	number=plur|case=dat|adj_form=full|degree=pos
низкий	низкий	ADJ	gender=masc|number=sing|case=nom|adj_form=full|degree=pos
низкого	низкий	ADJ	gender=masc|number=sing|case=gen|adj_form=full|degree=pos
низкийому	низкий	ADJ	gender=masc|number=sing|case=dat|adj_form=full|degree=pos
низкийым	низкий	ADJ	gender=masc|number=sing|case=ins|adj_form=full|degree=pos
низкийом	низкий	ADJ	gender=masc|number=sing|case=prep|adj_form=full|degree=pos
низкая	низкий	ADJ	gender=fem|number=sing|case=nom|adj_form=full|degree=pos
низкаой	низкий	ADJ	gender=fem|number=sing|case=gen|adj_form=full|degree=pos
низкую	низкий	ADJ	gender=fem|number=sing|case=acc|adj_form=full|degree=pos
низкое	низкий	ADJ	gender=neut|number=sing|case=nom|adj_form=full|degree=pos
низкие	низкий	ADJ	number=plur|case=nom|adj_form=full|degree=pos
низких	низкий	ADJ	number=plur|case=gen|adj_form=full|degree=pos
низкийым	низкий	ADJ	number=plur|case=dat|adj_form=full|degree=pos
длинный	длинный	ADJ	gender=masc|number=sing|case=nom|adj_form=full|degree=pos
длинного	длинный	ADJ	gender=masc|number=sing|case=gen|adj_form=full|degree=pos
длинныйому	длинный	ADJ	gender=masc|number=sing|case=dat|adj_form=full|degree=pos
длинныйым	длинный	ADJ	gender=masc|number=sing|case=ins|adj_form=full|degree=pos
длинныйом	длинный	ADJ	gender=masc|number=sing|case=prep|adj_form=full|degree=pos
длинная	длинный	ADJ	gender=fem|number=sing|case=nom|adj_form=full|degree=pos
длиннаой	длинный	ADJ	gender=fem|number=sing|case=gen|adj_form=full|degree=pos
длинную	длинный	ADJ	gender=fem|number=sing|case=acc|adj_form=full|degree=pos
длинное	длинный	ADJ	gender=neut|number=sing|case=nom|adj_form=full|degree=pos
длинные	длинный	ADJ	number=plur|case=nom|adj_form=full|degree=pos
длинных	длинный	ADJ	number=plur|case=gen|adj_form=full|degree=pos
длинныйым	длинный	ADJ	number=plur|case=dat|adj_form=full|degree=pos
короткий	короткий	ADJ	gender=masc|number=sing|case=nom|adj_form=full|degree=pos
короткого	короткий	ADJ	gender=masc|number=sing|case=gen|adj_form=full|degree=pos
короткийому	короткий	ADJ	gender=masc|number=sing|case=dat|adj_form=full|degree=pos
короткийым	короткий	ADJ	gender=masc|number=sing|case=ins|adj_form=full|degree=pos
короткийом	короткий	ADJ	gender=masc|number=sing|case=prep|adj_form=full|degree=pos
короткая	короткий	ADJ	gender=fem|number=sing|case=nom|adj_form=full|degree=pos
короткаой	короткий	ADJ	gender=fem|number=sing|case=gen|adj_form=full|degree=pos
короткую	короткий	ADJ	gender=fem|number=sing|case=acc|adj_form=full|degree=pos
короткое	короткий	ADJ	gender=neut|number=sing|case=nom|adj_form=full|degree=pos
короткие	короткий	ADJ	number=plur|case=nom|adj_form=full|degree=pos
коротких	короткий	ADJ	number=plur|case=gen|adj_form=full|degree=pos
короткийым	короткий	ADJ	number=plur|case=dat|adj_form=full|degree=pos
старый	старый	ADJ	gender=masc|number=sing|case=nom|adj_form=full|degree=pos
старого	старый	ADJ	gender=masc|number=sing|case=gen|adj_form=full|degree=pos
старыйому	старый	ADJ	gender=masc|number=sing|case=dat|adj_form=full|degree=pos
старыйым	старый	ADJ	gender=masc|number=sing|case=ins|adj_form=full|degree=pos
старыйом	старый	ADJ	gender=masc|number=sing|case=prep|adj_form=full|degree=pos
старая	старый	ADJ	gender=fem|number=sing|case=nom|adj_form=full|degree=pos
стараой	старый	ADJ	gender=fem|number=sing|case=gen|adj_form=full|degree=pos
старую	старый	ADJ	gender=fem|number=sing|case=acc|adj_form=full|degree=pos
старое	старый	ADJ	gender=neut|number=sing|case=nom|adj_form=full|degree=pos
старые	старый	ADJ	number=plur|case=nom|adj_form=full|degree=pos
старых	старый	ADJ	number=plur|case=gen|adj_form=full|degree=pos
старыйым	старый	ADJ	number=plur|case=dat|adj_form=full|degree=pos
молодой	молодой	ADJ	gender=masc|number=sing|case=nom|adj_form=full|degree=pos
молодого	молодой	ADJ	gender=masc|number=sing|case=gen|adj_form=full|degree=pos
молодойому	молодой	ADJ	gender=masc|number=sing|case=dat|adj_form=full|degree=pos
молодойым	молодой	ADJ	gender=masc|number=sing|case=ins|adj_form=full|degree=pos
молодойом	молодой	ADJ	gender=masc|number=sing|case=prep|adj_form=full|degree=pos
молодая	молодой	ADJ	gender=fem|number=sing|case=nom|adj_form=full|degree=pos
молодаой	молодой	ADJ	gender=fem|number=sing|case=gen|adj_form=full|degree=pos
молодую	молодой	ADJ	gender=fem|number=sing|case=acc|adj_form=full|degree=pos
молодое	молодой	ADJ	gender=neut|number=sing|case=nom|adj_form=full|degree=pos
молодые	молодой	ADJ	number=plur|case=nom|adj_form=full|degree=pos
молодых	молодой	ADJ	number=plur|case=gen|adj_form=full|degree=pos
молодойым	молодой	ADJ	number=plur|case=dat|adj_form=full|degree=pos
простой	простой	ADJ	gender=masc|number=sing|case=nom|adj_form=full|degree=pos
простого	простой	ADJ	gender=masc|number=sing|case=gen|adj_form=full|degree=pos
простойому	простой	ADJ	gender=masc|number=sing|case=dat|adj_form=full|degree=pos
простойым	простой	ADJ	gender=masc|number=sing|case=ins|adj_form=full|degree=pos
простойом	простой	ADJ	gender=masc|number=sing|case=prep|adj_form=full|degree=pos
простая	простой	ADJ	gender=fem|number=sing|case=nom|adj_form=full|degree=pos
простаой	простой	ADJ	gender=fem|number=sing|case=gen|adj_form=full|degree=pos
простую	простой	ADJ	gender=fem|number=sing|case=acc|adj_form=full|degree=pos
простое	простой	ADJ	gender=neut|number=sing|case=nom|adj_form=full|degree=pos
простые	простой	ADJ	number=plur|case=nom|adj_form=full|degree=pos
простых	простой	ADJ	number=plur|case=gen|adj_form=full|degree=pos
простойым	простой	ADJ	number=plur|case=dat|adj_form=full|degree=pos
сложный	сложный	ADJ	gender=masc|number=sing|case=nom|adj_form=full|degree=pos
сложного	сложный	ADJ	gender=masc|number=sing|case=gen|adj_form=full|degree=pos
сложныйому	сложный	ADJ	gender=masc|number=sing|case=dat|adj_form=full|degree=pos
сложныйым	сложный	ADJ	gender=masc|number=sing|case=ins|adj_form=full|degree=pos
сложныйом	сложный	ADJ	gender=masc|number=sing|case=prep|adj_form=full|degree=pos
сложная	сложный	ADJ	gender=fem|number=sing|case=nom|adj_form=full|degree=pos
сложнаой	сложный	ADJ	gender=fem|number=sing|case=gen|adj_form=full|degree=pos
сложную	сложный	ADJ	gender=fem|number=sing|case=acc|adj_form=full|degree=pos
сложное	сложный	ADJ	gender=neut|number=sing|case=nom|adj_form=full|degree=pos
сложные	сложный	ADJ	number=plur|case=nom|adj_form=full|degree=pos
сложных	сложный	ADJ	number=plur|case=gen|adj_form=full|degree=pos
сложныйым	сложный	ADJ	number=plur|case=dat|adj_form=full|degree=pos
красный	красный	ADJ	gender=masc|number=sing|case=nom|adj_form=full|degree=pos
красного	красный	ADJ	gender=masc|number=sing|case=gen|adj_form=full|degree=pos
красныйому	красный	ADJ	gender=masc|number=sing|case=dat|adj_form=full|degree=pos
красныйым	красный	ADJ	gender=masc|number=sing|case=ins|adj_form=full|degree=pos
красныйом	красный	ADJ	gender=masc|number=sing|case=prep|adj_form=full|degree=pos
красная	красный	ADJ	gender=fem|number=sing|case=nom|adj_form=full|degree=pos
краснаой	красный	ADJ	gender=fem|number=sing|case=gen|adj_form=full|degree=pos
красную	красный	ADJ	gender=fem|number=sing|case=acc|adj_form=full|degree=pos
красное	красный	ADJ	gender=neut|number=sing|case=nom|adj_form=full|degree=pos
красные	красный	ADJ	number=plur|case=nom|adj_form=full|degree=pos
красных	красный	ADJ	number=plur|case=gen|adj_form=full|degree=pos
красныйым	красный	ADJ	number=plur|case=dat|adj_form=full|degree=pos
синий	синий	ADJ	gender=masc|number=sing|case=nom|adj_form=full|degree=pos
синего	синий	ADJ	gender=masc|number=sing|case=gen|adj_form=full|degree=pos
синийому	синий	ADJ	gender=masc|number=sing|case=dat|adj_form=full|degree=pos
синийым	синий	ADJ	gender=masc|number=sing|case=ins|adj_form=full|degree=pos
синийом	синий	ADJ	gender=masc|number=sing|case=prep|adj_form=full|degree=pos
синяя	синий	ADJ	gender=fem|number=sing|case=nom|adj_form=full|degree=pos
синяой	синий	ADJ	gender=fem|number=sing|case=gen|adj_form=full|degree=pos
синюю	синий	ADJ	gender=fem|number=sing|case=acc|adj_form=full|degree=pos
синее	синий	ADJ	gender=neut|number=sing|case=nom|adj_form=full|degree=pos
синие	синий	ADJ	number=plur|case=nom|adj_form=full|degree=pos
синих	синий	ADJ	number=plur|case=gen|adj_form=full|degree=pos
синийым	синий	ADJ	number=plur|case=dat|adj_form=full|degree=pos
зелёный	зелёный	ADJ	gender=masc|number=sing|case=nom|adj_form=full|degree=pos
зелёного	зелёный	ADJ	gender=masc|number=sing|case=gen|adj_form=full|degree=pos
зелёныйому	зелёный	ADJ	gender=masc|number=sing|case=dat|adj_form=full|degree=pos
зелёныйым	зелёный	ADJ	gender=masc|number=sing|case=ins|adj_form=full|degree=pos
зелёныйом	зелёный	ADJ	gender=masc|number=sing|case=prep|adj_form=full|degree=pos
зелёная	зелёный	ADJ	gender=fem|number=sing|case=nom|adj_form=full|degree=pos
зелёнаой	зелёный	ADJ	gender=fem|number=sing|case=gen|adj_form=full|degree=pos
зелёную	зелёный	ADJ	gender=fem|number=sing|case=acc|adj_form=full|degree=pos
зелёное	зелёный	ADJ	gender=neut|number=sing|case=nom|adj_form=full|degree=pos
зелёные	зелёный	ADJ	number=plur|case=nom|adj_form=full|degree=pos
зелёных	зелёный	ADJ	number=plur|case=gen|adj_form=full|degree=pos
зелёныйым	зелёный	ADJ	number=plur|case=dat|adj_form=full|degree=pos
сильный	сильный	ADJ	gender=masc|number=sing|case=nom|adj_form=full|degree=pos
сильного	сильный	ADJ	gender=masc|number=sing|case=gen|adj_form=full|degree=pos
сильныйому	сильный	ADJ	gender=masc|number=sing|case=dat|adj_form=full|degree=pos
сильныйым	сильный	ADJ	gender=masc|number=sing|case=ins|adj_form=full|degree=pos
сильныйом	сильный	ADJ	gender=masc|number=sing|case=prep|adj_form=full|degree=pos
сильная	сильный	ADJ	gender=fem|number=sing|case=nom|adj_form=full|degree=pos
сильнаой	сильный	ADJ	gender=fem|number=sing|case=gen|adj_form=full|degree=pos
сильную	сильный	ADJ	gender=fem|number=sing|case=acc|adj_form=full|degree=pos
сильное	сильный	ADJ	gender=neut|number=sing|case=nom|adj_form=full|degree=pos
сильные	сильный	ADJ	number=plur|case=nom|adj_form=full|degree=pos
сильных	сильный	ADJ	number=plur|case=gen|adj_form=full|degree=pos
сильныйым	сильный	ADJ	number=plur|case=dat|adj_form=full|degree=pos
слабый	слабый	ADJ	gender=masc|number=sing|case=nom|adj_form=full|degree=pos
слабого	слабый	ADJ	gender=masc|number=sing|case=gen|adj_form=full|degree=pos
слабыйому	слабый	ADJ	gender=masc|number=sing|case=dat|adj_form=full|degree=pos
слабыйым	слабый	ADJ	gender=masc|number=sing|case=ins|adj_form=full|degree=pos
слабыйом	слабый	ADJ	gender=masc|number=sing|case=prep|adj_form=full|degree=pos
слабая	слабый	ADJ	gender=fem|number=sing|case=nom|adj_form=full|degree=pos
слабаой	слабый	ADJ	gender=fem|number=sing|case=gen|adj_form=full|degree=pos
слабую	слабый	ADJ	gender=fem|number=sing|case=acc|adj_form=full|degree=pos
слабое	слабый	ADJ	gender=neut|number=sing|case=nom|adj_form=full|degree=pos
слабые	слабый	ADJ	number=plur|case=nom|adj_form=full|degree=pos
слабых	слабый	ADJ	number=plur|case=gen|adj_form=full|degree=pos
слабыйым	слабый	ADJ	number=plur|case=dat|adj_form=full|degree=pos
тёплый	тёплый	ADJ	gender=masc|number=sing|case=nom|adj_form=full|degree=pos
тёплого	тёплый	ADJ	gender=masc|number=sing|case=gen|adj_form=full|degree=pos
тёплыйому	тёплый	ADJ	gender=masc|number=sing|case=dat|adj_form=full|degree=pos
тёплыйым	тёплый	ADJ	gender=masc|number=sing|case=ins|adj_form=full|degree=pos
тёплыйом	тёплый	ADJ	gender=masc|number=sing|case=prep|adj_form=full|degree=pos
тёплая	тёплый	ADJ	gender=fem|number=sing|case=nom|adj_form=full|degree=pos
тёплаой	тёплый	ADJ	gender=fem|number=sing|case=gen|adj_form=full|degree=pos
тёплую	тёплый	ADJ	gender=fem|number=sing|case=acc|adj_form=full|degree=pos
тёплое	тёплый	ADJ	gender=neut|number=sing|case=nom|adj_form=full|degree=pos
тёплые	тёплый	ADJ	number=plur|case=nom|adj_form=full|degree=pos
тёплых	тёплый	ADJ	number=plur|case=gen|adj_form=full|degree=pos
тёплыйым	тёплый	ADJ	number=plur|case=dat|adj_form=full|degree=pos
холодный	холодный	ADJ	gender=masc|number=sing|case=nom|adj_form=full|degree=pos
холодного	холодный	ADJ	gender=masc|number=sing|case=gen|adj_form=full|degree=pos
холодныйому	холодный	ADJ	gender=masc|number=sing|case=dat|adj_form=full|degree=pos
холодныйым	холодный	ADJ	gender=masc|number=sing|case=ins|adj_form=full|degree=pos
холодныйом	холодный	ADJ	gender=masc|number=sing|case=prep|adj_form=full|degree=pos
холодная	холодный	ADJ	gender=fem|number=sing|case=nom|adj_form=full|degree=pos
холоднаой	холодный	ADJ	gender=fem|number=sing|case=gen|adj_form=full|degree=pos
холодную	холодный	ADJ	gender=fem|number=sing|case=acc|adj_form=full|degree=pos
холодное	холодный	ADJ	gender=neut|number=sing|case=nom|adj_form=full|degree=pos
холодные	холодный	ADJ	number=plur|case=nom|adj_form=full|degree=pos
холодных	холодный	ADJ	number=plur|case=gen|adj_form=full|degree=pos
холодныйым	холодный	ADJ	number=plur|case=dat|adj_form=full|degree=pos
чистый	чистый	ADJ	gender=masc|number=sing|case=nom|adj_form=full|degree=pos
чистого	чистый	ADJ	gender=masc|number=sing|case=gen|adj_form=full|degree=pos
чистыйому	чистый	ADJ	gender=masc|number=sing|case=dat|adj_form=full|degree=pos
чистыйым	чистый	ADJ	gender=masc|number=sing|case=ins|adj_form=full|degree=pos
чистыйом	чистый	ADJ	gender=masc|number=sing|case=prep|adj_form=full|degree=pos
чистая	чистый	ADJ	gender=fem|number=sing|case=nom|adj_form=full|degree=pos
чистаой	чистый	ADJ	gender=fem|number=sing|case=gen|adj_form=full|degree=pos
чистую	чистый	ADJ	gender=fem|number=sing|case=acc|adj_form=full|degree=pos
чистое	чистый	ADJ	gender=neut|number=sing|case=nom|adj_form=full|degree=pos
чистые	чистый	ADJ	number=plur|case=nom|adj_form=full|degree=pos
чистых	чистый	ADJ	number=plur|case=gen|adj_form=full|degree=pos
чистыйым	чистый	ADJ	number=plur|case=dat|adj_form=full|degree=pos
грязный	грязный	ADJ	gender=masc|number=sing|case=nom|adj_form=full|degree=pos
грязного	грязный	ADJ	gender=masc|number=sing|case=gen|adj_form=full|degree=pos
грязныйому	грязный	ADJ	gender=masc|number=sing|case=dat|adj_form=full|degree=pos
грязныйым	грязный	ADJ	gender=masc|number=sing|case=ins|adj_form=full|degree=pos
грязныйом	грязный	ADJ	gender=masc|number=sing|case=prep|adj_form=full|degree=pos
грязная	грязный	ADJ	gender=fem|number=sing|case=nom|adj_form=full|degree=pos
грязнаой	грязный	ADJ	gender=fem|number=sing|case=gen|adj_form=full|degree=pos
грязную	грязный	ADJ	gender=fem|number=sing|case=acc|adj_form=full|degree=pos
грязное	грязный	ADJ	gender=neut|number=sing|case=nom|adj_form=full|degree=pos
грязные	грязный	ADJ	number=plur|case=nom|adj_form=full|degree=pos
грязных	грязный	ADJ	number=plur|case=gen|adj_form=full|degree=pos
грязныйым	грязный	ADJ	number=plur|case=dat|adj_form=full|degree=pos
правильный	правильный	ADJ	gender=masc|number=sing|case=nom|adj_form=full|degree=pos
правильного	правильный	ADJ	gender=masc|number=sing|case=gen|adj_form=full|degree=pos
правильныйому	правильный	ADJ	gender=masc|number=sing|case=dat|adj_form=full|degree=pos
правильныйым	правильный	ADJ	gender=masc|number=sing|case=ins|adj_form=full|degree=pos
правильныйом	правильный	ADJ	gender=masc|number=sing|case=prep|adj_form=full|degree=pos
правильная	правильный	ADJ	gender=fem|number=sing|case=nom|adj_form=full|degree=pos
правильнаой	правильный	ADJ	gender=fem|number=sing|case=gen|adj_form=full|degree=pos
правильную	правильный	ADJ	gender=fem|number=sing|case=acc|adj_form=full|degree=pos
правильное	правильный	ADJ	gender=neut|number=sing|case=nom|adj_form=full|degree=pos
правильные	правильный	ADJ	number=plur|case=nom|adj_form=full|degree=pos
правильных	правильный	ADJ	number=plur|case=gen|adj_form=full|degree=pos
правильныйым	правильный	ADJ	number=plur|case=dat|adj_form=full|degree=pos
главный	главный	ADJ	gender=masc|number=sing|case=nom|adj_form=full|degree=pos
главного	главный	ADJ	gender=masc|number=sing|case=gen|adj_form=full|degree=pos
главныйому	главный	ADJ	gender=masc|number=sing|case=dat|adj_form=full|degree=pos
главныйым	главный	ADJ	gender=masc|number=sing|case=ins|adj_form=full|degree=pos
главныйом	главный	ADJ	gender=masc|number=sing|case=prep|adj_form=full|degree=pos
главная	главный	ADJ	gender=fem|number=sing|case=nom|adj_form=full|degree=pos
главнаой	главный	ADJ	gender=fem|number=sing|case=gen|adj_form=full|degree=pos
главную	главный	ADJ	gender=fem|number=sing|case=acc|adj_form=full|degree=pos
главное	главный	ADJ	gender=neut|number=sing|case=nom|adj_form=full|degree=pos
главные	главный	ADJ	number=plur|case=nom|adj_form=full|degree=pos
главных	главный	ADJ	number=plur|case=gen|adj_form=full|degree=pos
главныйым	главный	ADJ	number=plur|case=dat|adj_form=full|degree=pos
другой	другой	ADJ	gender=masc|number=sing|case=nom|adj_form=full|degree=pos
другого	другой	ADJ	gender=masc|number=sing|case=gen|adj_form=full|degree=pos
другойому	другой	ADJ	gender=masc|number=sing|case=dat|adj_form=full|degree=pos
другойым	другой	ADJ	gender=masc|number=sing|case=ins|adj_form=full|degree=pos
другойом	другой	ADJ	gender=masc|number=sing|case=prep|adj_form=full|degree=pos
другая	другой	ADJ	gender=fem|number=sing|case=nom|adj_form=full|degree=pos
другаой	другой	ADJ	gender=fem|number=sing|case=gen|adj_form=full|degree=pos
другую	другой	ADJ	gender=fem|number=sing|case=acc|adj_form=full|degree=pos
другое	другой	ADJ	gender=neut|number=sing|case=nom|adj_form=full|degree=pos
другие	другой	ADJ	number=plur|case=nom|adj_form=full|degree=pos
других	другой	ADJ	number=plur|case=gen|adj_form=full|degree=pos
другойым	другой	ADJ	number=plur|case=dat|adj_form=full|degree=pos
такой	такой	ADJ	gender=masc|number=sing|case=nom|adj_form=full|degree=pos
такого	такой	ADJ	gender=masc|number=sing|case=gen|adj_form=full|degree=pos
такойому	такой	ADJ	gender=masc|number=sing|case=dat|adj_form=full|degree=pos
такойым	такой	ADJ	gender=masc|number=sing|case=ins|adj_form=full|degree=pos
такойом	такой	ADJ	gender=masc|number=sing|case=prep|adj_form=full|degree=pos
такая	такой	ADJ	gender=fem|number=sing|case=nom|adj_form=full|degree=pos
такаой	такой	ADJ	gender=fem|number=sing|case=gen|adj_form=full|degree=pos
такую	такой	ADJ	gender=fem|number=sing|case=acc|adj_form=full|degree=pos
такое	такой	ADJ	gender=neut|number=sing|case=nom|adj_form=full|degree=pos
такие	такой	ADJ	number=plur|case=nom|adj_form=full|degree=pos
таких	такой	ADJ	number=plur|case=gen|adj_form=full|degree=pos
такойым	такой	ADJ	number=plur|case=dat|adj_form=full|degree=pos
каждый	каждый	ADJ	gender=masc|number=sing|case=nom|adj_form=full|degree=pos
каждого	каждый	ADJ	gender=masc|number=sing|case=gen|adj_form=full|degree=pos
каждыйому	каждый	ADJ	gender=masc|number=sing|case=dat|adj_form=full|degree=pos
каждыйым	каждый	ADJ	gender=masc|number=sing|case=ins|adj_form=full|degree=pos
каждыйом	каждый	ADJ	gender=masc|number=sing|case=prep|adj_form=full|degree=pos
каждая	каждый	ADJ	gender=fem|number=sing|case=nom|adj_form=full|degree=pos
каждаой	каждый	ADJ	gender=fem|number=sing|case=gen|adj_form=full|degree=pos
каждую	каждый	ADJ	gender=fem|number=sing|case=acc|adj_form=full|degree=pos
каждое	каждый	ADJ	gender=neut|number=sing|case=nom|adj_form=full|degree=pos
каждые	каждый	ADJ	number=plur|case=nom|adj_form=full|degree=pos
каждых	каждый	ADJ	number=plur|case=gen|adj_form=full|degree=pos
каждыйым	каждый	ADJ	number=plur|case=dat|adj_form=full|degree=pos
весь	весь	ADJ	gender=masc|number=sing|case=nom|adj_form=full|degree=pos
всего	весь	ADJ	gender=masc|number=sing|case=gen|adj_form=full|degree=pos
весьому	весь	ADJ	gender=masc|number=sing|case=dat|adj_form=full|degree=pos
весьым	весь	ADJ	gender=masc|number=sing|case=ins|adj_form=full|degree=pos
весьом	весь	ADJ	gender=masc|number=sing|case=prep|adj_form=full|degree=pos
вся	весь	ADJ	gender=fem|number=sing|case=nom|adj_form=full|degree=pos
всой	весь	ADJ	gender=fem|number=sing|case=gen|adj_form=full|degree=pos
всю	весь	ADJ	gender=fem|number=sing|case=acc|adj_form=full|degree=pos
всё	весь	ADJ	gender=neut|number=sing|case=nom|adj_form=full|degree=pos
все	весь	ADJ	number=plur|case=nom|adj_form=full|degree=pos
всех	весь	ADJ	number=plur|case=gen|adj_form=full|degree=pos
весьым	весь	ADJ	number=plur|case=dat|adj_form=full|degree=pos
этот	этот	ADJ	gender=masc|number=sing|case=nom|adj_form=full|degree=pos
этого	этот	ADJ	gender=masc|number=sing|case=gen|adj_form=full|degree=pos
этотому	этот	ADJ	gender=masc|number=sing|case=dat|adj_form=full|degree=pos
этотым	этот	ADJ	gender=masc|number=sing|case=ins|adj_form=full|degree=pos
этотом	этот	ADJ	gender=masc|number=sing|case=prep|adj_form=full|degree=pos
эта	этот	ADJ	gender=fem|number=sing|case=nom|adj_form=full|degree=pos
этой	этот	ADJ	gender=fem|number=sing|case=gen|adj_form=full|degree=pos
эту	этот	ADJ	gender=fem|number=sing|case=acc|adj_form=full|degree=pos
это	этот	ADJ	gender=neut|number=sing|case=nom|adj_form=full|degree=pos
эти	этот	ADJ	number=plur|case=nom|adj_form=full|degree=pos
этих	этот	ADJ	number=plur|case=gen|adj_form=full|degree=pos
этотым	этот	ADJ	number=plur|case=dat|adj_form=full|degree=pos
мой	мой	ADJ	gender=masc|number=sing|case=nom|adj_form=full|degree=pos
моего	мой	ADJ	gender=masc|number=sing|case=gen|adj_form=full|degree=pos
мойому	мой	ADJ	gender=masc|number=sing|case=dat|adj_form=full|degree=pos
мойым	мой	ADJ	gender=masc|number=sing|case=ins|adj_form=full|degree=pos
мойом	мой	ADJ	gender=masc|number=sing|case=prep|adj_form=full|degree=pos
моя	мой	ADJ	gender=fem|number=sing|case=nom|adj_form=full|degree=pos
моой	мой	ADJ	gender=fem|number=sing|case=gen|adj_form=full|degree=pos
мою	мой	ADJ	gender=fem|number=sing|case=acc|adj_form=full|degree=pos
моё	мой	ADJ	gender=neut|number=sing|case=nom|adj_form=full|degree=pos
мои	мой	ADJ	number=plur|case=nom|adj_form=full|degree=pos
моих	мой	ADJ	number=plur|case=gen|adj_form=full|degree=pos
мойым	мой	ADJ	number=plur|case=dat|adj_form=full|degree=pos
твой	твой	ADJ	gender=masc|number=sing|case=nom|adj_form=full|degree=pos
твоего	твой	ADJ	gender=masc|number=sing|case=gen|adj_form=full|degree=pos
твойому	твой	ADJ	gender=masc|number=sing|case=dat|adj_form=full|degree=pos
твойым	твой	ADJ	gender=masc|number=sing|case=ins|adj_form=full|degree=pos
твойом	твой	ADJ	gender=masc|number=sing|case=prep|adj_form=full|degree=pos
твоя	твой	ADJ	gender=fem|number=sing|case=nom|adj_form=full|degree=pos
твоой	твой	ADJ	gender=fem|number=sing|case=gen|adj_form=full|degree=pos
твою	твой	ADJ	gender=fem|number=sing|case=acc|adj_form=full|degree=pos
твоё	твой	ADJ	gender=neut|number=sing|case=nom|adj_form=full|degree=pos
твои	твой	ADJ	number=plur|case=nom|adj_form=full|degree=pos
твоих	твой	ADJ	number=plur|case=gen|adj_form=full|degree=pos
твойым	твой	ADJ	number=plur|case=dat|adj_form=full|degree=pos
наш	наш	ADJ	gender=masc|number=sing|case=nom|adj_form=full|degree=pos
нашего	наш	ADJ	gender=masc|number=sing|case=gen|adj_form=full|degree=pos
нашому	наш	ADJ	gender=masc|number=sing|case=dat|adj_form=full|degree=pos
нашым	наш	ADJ	gender=masc|number=sing|case=ins|adj_form=full|degree=pos
нашом	наш	ADJ	gender=masc|number=sing|case=prep|adj_form=full|degree=pos
наша	наш	ADJ	gender=fem|number=sing|case=nom|adj_form=full|degree=pos
нашой	наш	ADJ	gender=fem|number=sing|case=gen|adj_form=full|degree=pos
нашу	наш	ADJ	gender=fem|number=sing|case=acc|adj_form=full|degree=pos
наше	наш	ADJ	gender=neut|number=sing|case=nom|adj_form=full|degree=pos
наши	наш	ADJ	number=plur|case=nom|adj_form=full|degree=pos
наших	наш	ADJ	number=plur|case=gen|adj_form=full|degree=pos
нашым	наш	ADJ	number=plur|case=dat|adj_form=full|degree=pos
ваш	ваш	ADJ	gender=masc|number=sing|case=nom|adj_form=full|degree=pos
вашего	ваш	ADJ	gender=masc|number=sing|case=gen|adj_form=full|degree=pos
вашому	ваш	ADJ	gender=masc|number=sing|case=dat|adj_form=full|degree=pos
вашым	ваш	ADJ	gender=masc|number=sing|case=ins|adj_form=full|degree=pos
вашом	ваш	ADJ	gender=masc|number=sing|case=prep|adj_form=full|degree=pos
ваша	ваш	ADJ	gender=fem|number=sing|case=nom|adj_form=full|degree=pos
вашой	ваш	ADJ	gender=fem|number=sing|case=gen|adj_form=full|degree=pos
вашу	ваш	ADJ	gender=fem|number=sing|case=acc|adj_form=full|degree=pos
ваше	ваш	ADJ	gender=neut|number=sing|case=nom|adj_form=full|degree=pos
ваши	ваш	ADJ	number=plur|case=nom|adj_form=full|degree=pos
ваших	ваш	ADJ	number=plur|case=gen|adj_form=full|degree=pos
вашым	ваш	ADJ	number=plur|case=dat|adj_form=full|degree=pos
дом	дом	NOUN	gender=masc|number=sing|case=nom|animacy=inan
дома	дом	NOUN	gender=masc|number=sing|case=gen|animacy=inan
дому	дом	NOUN	gender=masc|number=sing|case=dat|animacy=inan
дом	дом	NOUN	gender=masc|number=sing|case=acc|animacy=inan
домом	дом	NOUN	gender=masc|number=sing|case=ins|animacy=inan
доме	дом	NOUN	gender=masc|number=sing|case=prep|animacy=inan
дома	дом	NOUN	gender=masc|number=plur|case=nom|animacy=inan
домов	дом	NOUN	gender=masc|number=plur|case=gen|animacy=inan
стол	стол	NOUN	gender=masc|number=sing|case=nom|animacy=inan
стола	стол	NOUN	gender=masc|number=sing|case=gen|animacy=inan
столу	стол	NOUN	gender=masc|number=sing|case=dat|animacy=inan
стол	стол	NOUN	gender=masc|number=sing|case=acc|animacy=inan
столом	стол	NOUN	gender=masc|number=sing|case=ins|animacy=inan
столе	стол	NOUN	gender=masc|number=sing|case=prep|animacy=inan
столы	стол	NOUN	gender=masc|number=plur|case=nom|animacy=inan
столов	стол	NOUN	gender=masc|number=plur|case=gen|animacy=inan
город	город	NOUN	gender=masc|number=sing|case=nom|animacy=inan
города	город	NOUN	gender=masc|number=sing|case=gen|animacy=inan
городу	город	NOUN	gender=masc|number=sing|case=dat|animacy=inan
город	город	NOUN	gender=masc|number=sing|case=acc|animacy=inan
городом	город	NOUN	gender=masc|number=sing|case=ins|animacy=inan
городе	город	NOUN	gender=masc|number=sing|case=prep|animacy=inan
города	город	NOUN	gender=masc|number=plur|case=nom|animacy=inan
городов	город	NOUN	gender=masc|number=plur|case=gen|animacy=inan
проект	проект	NOUN	gender=masc|number=sing|case=nom|animacy=inan
проекта	проект	NOUN	gender=masc|number=sing|case=gen|animacy=inan
проекту	проект	NOUN	gender=masc|number=sing|case=dat|animacy=inan
проект	проект	NOUN	gender=masc|number=sing|case=acc|animacy=inan
проектом	проект	NOUN	gender=masc|number=sing|case=ins|animacy=inan
проекте	проект	NOUN	gender=masc|number=sing|case=prep|animacy=inan
проекты	проект	NOUN	gender=masc|number=plur|case=nom|animacy=inan
проектов	проект	NOUN	gender=masc|number=plur|case=gen|animacy=inan
приказ	приказ	NOUN	gender=masc|number=sing|case=nom|animacy=inan
приказа	приказ	NOUN	gender=masc|number=sing|case=gen|animacy=inan
приказу	приказ	NOUN	gender=masc|number=sing|case=dat|animacy=inan
приказ	приказ	NOUN	gender=masc|number=sing|case=acc|animacy=inan
приказом	приказ	NOUN	gender=masc|number=sing|case=ins|animacy=inan
приказе	приказ	NOUN	gender=masc|number=sing|case=prep|animacy=inan
приказы	приказ	NOUN	gender=masc|number=plur|case=nom|animacy=inan
приказов	приказ	NOUN	gender=masc|number=plur|case=gen|animacy=inan
ответ	ответ	NOUN	gender=masc|number=sing|case=nom|animacy=inan
ответа	ответ	NOUN	gender=masc|number=sing|case=gen|animacy=inan
ответу	ответ	NOUN	gender=masc|number=sing|case=dat|animacy=inan
ответ	ответ	NOUN	gender=masc|number=sing|case=acc|animacy=inan
ответом	ответ	NOUN	gender=masc|number=sing|case=ins|animacy=inan
ответе	ответ	NOUN	gender=masc|number=sing|case=prep|animacy=inan
ответы	ответ	NOUN	gender=masc|number=plur|case=nom|animacy=inan
ответов	ответ	NOUN	gender=masc|number=plur|case=gen|animacy=inan
анализатор	анализатор	NOUN	gender=masc|number=sing|case=nom|animacy=inan
анализатора	анализатор	NOUN	gender=masc|number=sing|case=gen|animacy=inan
анализатору	анализатор	NOUN	gender=masc|number=sing|case=dat|animacy=inan
анализатор	анализатор	NOUN	gender=masc|number=sing|case=acc|animacy=inan
анализатором	анализатор	NOUN	gender=masc|number=sing|case=ins|animacy=inan
анализаторе	анализатор	NOUN	gender=masc|number=sing|case=prep|animacy=inan
инструмент	инструмент	NOUN	gender=masc|number=sing|case=nom|animacy=inan
инструмента	инструмент	NOUN	gender=masc|number=sing|case=gen|animacy=inan
инструменту	инструмент	NOUN	gender=masc|number=sing|case=dat|animacy=inan
инструмент	инструмент	NOUN	gender=masc|number=sing|case=acc|animacy=inan
инструментом	инструмент	NOUN	gender=masc|number=sing|case=ins|animacy=inan
инструменте	инструмент	NOUN	gender=masc|number=sing|case=prep|animacy=inan
план	план	NOUN	gender=masc|number=sing|case=nom|animacy=inan
плана	план	NOUN	gender=masc|number=sing|case=gen|animacy=inan
плану	план	NOUN	gender=masc|number=sing|case=dat|animacy=inan
план	план	NOUN	gender=masc|number=sing|case=acc|animacy=inan
планом	план	NOUN	gender=masc|number=sing|case=ins|animacy=inan
плане	план	NOUN	gender=masc|number=sing|case=prep|animacy=inan
планы	план	NOUN	gender=masc|number=plur|case=nom|animacy=inan
планов	план	NOUN	gender=masc|number=plur|case=gen|animacy=inan
пункт	пункт	NOUN	gender=masc|number=sing|case=nom|animacy=inan
пункта	пункт	NOUN	gender=masc|number=sing|case=gen|animacy=inan
пункту	пункт	NOUN	gender=masc|number=sing|case=dat|animacy=inan
пункт	пункт	NOUN	gender=masc|number=sing|case=acc|animacy=inan
пунктом	пункт	NOUN	gender=masc|number=sing|case=ins|animacy=inan
пункте	пункт	NOUN	gender=masc|number=sing|case=prep|animacy=inan
документ	документ	NOUN	gender=masc|number=sing|case=nom|animacy=inan
документа	документ	NOUN	gender=masc|number=sing|case=gen|animacy=inan
документу	документ	NOUN	gender=masc|number=sing|case=dat|animacy=inan
документ	документ	NOUN	gender=masc|number=sing|case=acc|animacy=inan
документом	документ	NOUN	gender=masc|number=sing|case=ins|animacy=inan
документе	документ	NOUN	gender=masc|number=sing|case=prep|animacy=inan
доклад	доклад	NOUN	gender=masc|number=sing|case=nom|animacy=inan
доклада	доклад	NOUN	gender=masc|number=sing|case=gen|animacy=inan
докладу	доклад	NOUN	gender=masc|number=sing|case=dat|animacy=inan
доклад	доклад	NOUN	gender=masc|number=sing|case=acc|animacy=inan
докладом	доклад	NOUN	gender=masc|number=sing|case=ins|animacy=inan
докладе	доклад	NOUN	gender=masc|number=sing|case=prep|animacy=inan
вопрос	вопрос	NOUN	gender=masc|number=sing|case=nom|animacy=inan
вопроса	вопрос	NOUN	gender=masc|number=sing|case=gen|animacy=inan
вопросу	вопрос	NOUN	gender=masc|number=sing|case=dat|animacy=inan
вопрос	вопрос	NOUN	gender=masc|number=sing|case=acc|animacy=inan
вопросом	вопрос	NOUN	gender=masc|number=sing|case=ins|animacy=inan
вопросе	вопрос	NOUN	gender=masc|number=sing|case=prep|animacy=inan
модуль	модуль	NOUN	gender=masc|number=sing|case=nom|animacy=inan
модуля	модуль	NOUN	gender=masc|number=sing|case=gen|animacy=inan
модулю	модуль	NOUN	gender=masc|number=sing|case=dat|animacy=inan
модуль	модуль	NOUN	gender=masc|number=sing|case=acc|animacy=inan
модулем	модуль	NOUN	gender=masc|number=sing|case=ins|animacy=inan
модуле	модуль	NOUN	gender=masc|number=sing|case=prep|animacy=inan
стиль	стиль	NOUN	gender=masc|number=sing|case=nom|animacy=inan
стиля	стиль	NOUN	gender=masc|number=sing|case=gen|animacy=inan
стилю	стиль	NOUN	gender=masc|number=sing|case=dat|animacy=inan
стиль	стиль	NOUN	gender=masc|number=sing|case=acc|animacy=inan
стилем	стиль	NOUN	gender=masc|number=sing|case=ins|animacy=inan
стиле	стиль	NOUN	gender=masc|number=sing|case=prep|animacy=inan
парсер	парсер	NOUN	gender=masc|number=sing|case=nom|animacy=inan
парсера	парсер	NOUN	gender=masc|number=sing|case=gen|animacy=inan
парсеру	парсер	NOUN	gender=masc|number=sing|case=dat|animacy=inan
парсер	парсер	NOUN	gender=masc|number=sing|case=acc|animacy=inan
парсером	парсер	NOUN	gender=masc|number=sing|case=ins|animacy=inan
парсере	парсер	NOUN	gender=masc|number=sing|case=prep|animacy=inan
мост	мост	NOUN	gender=masc|number=sing|case=nom|animacy=inan
моста	мост	NOUN	gender=masc|number=sing|case=gen|animacy=inan
мосту	мост	NOUN	gender=masc|number=sing|case=dat|animacy=inan
мост	мост	NOUN	gender=masc|number=sing|case=acc|animacy=inan
мостом	мост	NOUN	gender=masc|number=sing|case=ins|animacy=inan
мосте	мост	NOUN	gender=masc|number=sing|case=prep|animacy=inan
мосты	мост	NOUN	gender=masc|number=plur|case=nom|animacy=inan
мостов	мост	NOUN	gender=masc|number=plur|case=gen|animacy=inan
завод	завод	NOUN	gender=masc|number=sing|case=nom|animacy=inan
завода	завод	NOUN	gender=masc|number=sing|case=gen|animacy=inan
заводу	завод	NOUN	gender=masc|number=sing|case=dat|animacy=inan
завод	завод	NOUN	gender=masc|number=sing|case=acc|animacy=inan
заводом	завод	NOUN	gender=masc|number=sing|case=ins|animacy=inan
заводе	завод	NOUN	gender=masc|number=sing|case=prep|animacy=inan
заводы	завод	NOUN	gender=masc|number=plur|case=nom|animacy=inan
заводов	завод	NOUN	gender=masc|number=plur|case=gen|animacy=inan
класс	класс	NOUN	gender=masc|number=sing|case=nom|animacy=inan
класса	класс	NOUN	gender=masc|number=sing|case=gen|animacy=inan
классу	класс	NOUN	gender=masc|number=sing|case=dat|animacy=inan
класс	класс	NOUN	gender=masc|number=sing|case=acc|animacy=inan
классом	класс	NOUN	gender=masc|number=sing|case=ins|animacy=inan
классе	класс	NOUN	gender=masc|number=sing|case=prep|animacy=inan
классы	класс	NOUN	gender=masc|number=plur|case=nom|animacy=inan
классов	класс	NOUN	gender=masc|number=plur|case=gen|animacy=inan
метод	метод	NOUN	gender=masc|number=sing|case=nom|animacy=inan
метода	метод	NOUN	gender=masc|number=sing|case=gen|animacy=inan
методу	метод	NOUN	gender=masc|number=sing|case=dat|animacy=inan
метод	метод	NOUN	gender=masc|number=sing|case=acc|animacy=inan
методом	метод	NOUN	gender=masc|number=sing|case=ins|animacy=inan
методе	метод	NOUN	gender=masc|number=sing|case=prep|animacy=inan
методы	метод	NOUN	gender=masc|number=plur|case=nom|animacy=inan
методов	метод	NOUN	gender=masc|number=plur|case=gen|animacy=inan
результат	результат	NOUN	gender=masc|number=sing|case=nom|animacy=inan
результата	результат	NOUN	gender=masc|number=sing|case=gen|animacy=inan
результату	результат	NOUN	gender=masc|number=sing|case=dat|animacy=inan
результат	результат	NOUN	gender=masc|number=sing|case=acc|animacy=inan
результатом	результат	NOUN	gender=masc|number=sing|case=ins|animacy=inan
результате	результат	NOUN	gender=masc|number=sing|case=prep|animacy=inan
факт	факт	NOUN	gender=masc|number=sing|case=nom|animacy=inan
факта	факт	NOUN	gender=masc|number=sing|case=gen|animacy=inan
факту	факт	NOUN	gender=masc|number=sing|case=dat|animacy=inan
факт	факт	NOUN	gender=masc|number=sing|case=acc|animacy=inan
фактом	факт	NOUN	gender=masc|number=sing|case=ins|animacy=inan
факте	факт	NOUN	gender=masc|number=sing|case=prep|animacy=inan
факты	факт	NOUN	gender=masc|number=plur|case=nom|animacy=inan
фактов	факт	NOUN	gender=masc|number=plur|case=gen|animacy=inan
мир	мир	NOUN	gender=masc|number=sing|case=nom|animacy=inan
мира	мир	NOUN	gender=masc|number=sing|case=gen|animacy=inan
миру	мир	NOUN	gender=masc|number=sing|case=dat|animacy=inan
мир	мир	NOUN	gender=masc|number=sing|case=acc|animacy=inan
миром	мир	NOUN	gender=masc|number=sing|case=ins|animacy=inan
мире	мир	NOUN	gender=masc|number=sing|case=prep|animacy=inan
миры	мир	NOUN	gender=masc|number=plur|case=nom|animacy=inan
миров	мир	NOUN	gender=masc|number=plur|case=gen|animacy=inan
текст	текст	NOUN	gender=masc|number=sing|case=nom|animacy=inan
текста	текст	NOUN	gender=masc|number=sing|case=gen|animacy=inan
тексту	текст	NOUN	gender=masc|number=sing|case=dat|animacy=inan
текст	текст	NOUN	gender=masc|number=sing|case=acc|animacy=inan
текстом	текст	NOUN	gender=masc|number=sing|case=ins|animacy=inan
тексте	текст	NOUN	gender=masc|number=sing|case=prep|animacy=inan
тексты	текст	NOUN	gender=masc|number=plur|case=nom|animacy=inan
текстов	текст	NOUN	gender=masc|number=plur|case=gen|animacy=inan
слово	слово	NOUN	gender=masc|number=sing|case=nom|animacy=inan
слова	слово	NOUN	gender=masc|number=sing|case=gen|animacy=inan
слову	слово	NOUN	gender=masc|number=sing|case=dat|animacy=inan
слово	слово	NOUN	gender=masc|number=sing|case=acc|animacy=inan
словом	слово	NOUN	gender=masc|number=sing|case=ins|animacy=inan
слове	слово	NOUN	gender=masc|number=sing|case=prep|animacy=inan
слова	слово	NOUN	gender=masc|number=plur|case=nom|animacy=inan
слов	слово	NOUN	gender=masc|number=plur|case=gen|animacy=inan
мальчик	мальчик	NOUN	gender=masc|number=sing|case=nom|animacy=anim
мальчика	мальчик	NOUN	gender=masc|number=sing|case=gen|animacy=anim
мальчику	мальчик	NOUN	gender=masc|number=sing|case=dat|animacy=anim
мальчика	мальчик	NOUN	gender=masc|number=sing|case=acc|animacy=anim
мальчиком	мальчик	NOUN	gender=masc|number=sing|case=ins|animacy=anim
мальчике	мальчик	NOUN	gender=masc|number=sing|case=prep|animacy=anim
мальчики	мальчик	NOUN	gender=masc|number=plur|case=nom|animacy=anim
мальчиков	мальчик	NOUN	gender=masc|number=plur|case=gen|animacy=anim
студент	студент	NOUN	gender=masc|number=sing|case=nom|animacy=anim
студента	студент	NOUN	gender=masc|number=sing|case=gen|animacy=anim
студенту	студент	NOUN	gender=masc|number=sing|case=dat|animacy=anim
студента	студент	NOUN	gender=masc|number=sing|case=acc|animacy=anim
студентом	студент	NOUN	gender=masc|number=sing|case=ins|animacy=anim
студенте	студент	NOUN	gender=masc|number=sing|case=prep|animacy=anim
студенты	студент	NOUN	gender=masc|number=plur|case=nom|animacy=anim
студентов	студент	NOUN	gender=masc|number=plur|case=gen|animacy=anim
учитель	учитель	NOUN	gender=masc|number=sing|case=nom|animacy=anim
учителя	учитель	NOUN	gender=masc|number=sing|case=gen|animacy=anim
учителю	учитель	NOUN	gender=masc|number=sing|case=dat|animacy=anim
учителя	учитель	NOUN	gender=masc|number=sing|case=acc|animacy=anim
учителем	учитель	NOUN	gender=masc|number=sing|case=ins|animacy=anim
учителе	учитель	NOUN	gender=masc|number=sing|case=prep|animacy=anim
учителя	учитель	NOUN	gender=masc|number=plur|case=nom|animacy=anim
учителей	учитель	NOUN	gender=masc|number=plur|case=gen|animacy=anim
мужчина	мужчина	NOUN	gender=masc|number=sing|case=nom|animacy=anim
мужчины	мужчина	NOUN	gender=masc|number=sing|case=gen|animacy=anim
мужчине	мужчина	NOUN	gender=masc|number=sing|case=dat|animacy=anim
мужчину	мужчина	NOUN	gender=masc|number=sing|case=acc|animacy=anim
мужчиной	мужчина	NOUN	gender=masc|number=sing|case=ins|animacy=anim
мужчине	мужчина	NOUN	gender=masc|number=sing|case=prep|animacy=anim
мужчины	мужчина	NOUN	gender=masc|number=plur|case=nom|animacy=anim
мужчин	мужчина	NOUN	gender=masc|number=plur|case=gen|animacy=anim
человек	человек	NOUN	gender=masc|number=sing|case=nom|animacy=anim
человека	человек	NOUN	gender=masc|number=sing|case=gen|animacy=anim
человеку	человек	NOUN	gender=masc|number=sing|case=dat|animacy=anim
человека	человек	NOUN	gender=masc|number=sing|case=acc|animacy=anim
человеком	человек	NOUN	gender=masc|number=sing|case=ins|animacy=anim
человеке	человек	NOUN	gender=masc|number=sing|case=prep|animacy=anim
люди	человек	NOUN	gender=masc|number=plur|case=nom|animacy=anim
людей	человек	NOUN	gender=masc|number=plur|case=gen|animacy=anim
друг	друг	NOUN	gender=masc|number=sing|case=nom|animacy=anim
друга	друг	NOUN	gender=masc|number=sing|case=gen|animacy=anim
другу	друг	NOUN	gender=masc|number=sing|case=dat|animacy=anim
друга	друг	NOUN	gender=masc|number=sing|case=acc|animacy=anim
другом	друг	NOUN	gender=masc|number=sing|case=ins|animacy=anim
друге	друг	NOUN	gender=masc|number=sing|case=prep|animacy=anim
друзья	друг	NOUN	gender=masc|number=plur|case=nom|animacy=anim
друзей	друг	NOUN	gender=masc|number=plur|case=gen|animacy=anim
автор	автор	NOUN	gender=masc|number=sing|case=nom|animacy=anim
автора	автор	NOUN	gender=masc|number=sing|case=gen|animacy=anim
автору	автор	NOUN	gender=masc|number=sing|case=dat|animacy=anim
автора	автор	NOUN	gender=masc|number=sing|case=acc|animacy=anim
автором	автор	NOUN	gender=masc|number=sing|case=ins|animacy=anim
авторе	автор	NOUN	gender=masc|number=sing|case=prep|animacy=anim
авторы	автор	NOUN	gender=masc|number=plur|case=nom|animacy=anim
авторов	автор	NOUN	gender=masc|number=plur|case=gen|animacy=anim
директор	директор	NOUN	gender=masc|number=sing|case=nom|animacy=anim
директора	директор	NOUN	gender=masc|number=sing|case=gen|animacy=anim
директору	директор	NOUN	gender=masc|number=sing|case=dat|animacy=anim
директора	директор	NOUN	gender=masc|number=sing|case=acc|animacy=anim
директором	директор	NOUN	gender=masc|number=sing|case=ins|animacy=anim
директоре	директор	NOUN	gender=masc|number=sing|case=prep|animacy=anim
директора	директор	NOUN	gender=masc|number=plur|case=nom|animacy=anim
директоров	директор	NOUN	gender=masc|number=plur|case=gen|animacy=anim
президент	президент	NOUN	gender=masc|number=sing|case=nom|animacy=anim
президента	президент	NOUN	gender=masc|number=sing|case=gen|animacy=anim
президенту	президент	NOUN	gender=masc|number=sing|case=dat|animacy=anim
президента	президент	NOUN	gender=masc|number=sing|case=acc|animacy=anim
президентом	президент	NOUN	gender=masc|number=sing|case=ins|animacy=anim
президенте	президент	NOUN	gender=masc|number=sing|case=prep|animacy=anim
президенты	президент	NOUN	gender=masc|number=plur|case=nom|animacy=anim
президентов	президент	NOUN	gender=masc|number=plur|case=gen|animacy=anim
машина	машина	NOUN	gender=fem|number=sing|case=nom|animacy=inan
машины	машина	NOUN	gender=fem|number=sing|case=gen|animacy=inan
машине	машина	NOUN	gender=fem|number=sing|case=dat|animacy=inan
машину	машина	NOUN	gender=fem|number=sing|case=acc|animacy=inan
машиной	машина	NOUN	gender=fem|number=sing|case=ins|animacy=inan
машине	машина	NOUN	gender=fem|number=sing|case=prep|animacy=inan
машины	машина	NOUN	gender=fem|number=plur|case=nom|animacy=inan
машин	машина	NOUN	gender=fem|number=plur|case=gen|animacy=inan
книга	книга	NOUN	gender=fem|number=sing|case=nom|animacy=inan
книги	книга	NOUN	gender=fem|number=sing|case=gen|animacy=inan
книге	книга	NOUN	gender=fem|number=sing|case=dat|animacy=inan
книгу	книга	NOUN	gender=fem|number=sing|case=acc|animacy=inan
книгой	книга	NOUN	gender=fem|number=sing|case=ins|animacy=inan
книге	книга	NOUN	gender=fem|number=sing|case=prep|animacy=inan
книги	книга	NOUN	gender=fem|number=plur|case=nom|animacy=inan
книг	книга	NOUN	gender=fem|number=plur|case=gen|animacy=inan
встреча	встреча	NOUN	gender=fem|number=sing|case=nom|animacy=inan
встречи	встреча	NOUN	gender=fem|number=sing|case=gen|animacy=inan
встрече	встреча	NOUN	gender=fem|number=sing|case=dat|animacy=inan
встречу	встреча	NOUN	gender=fem|number=sing|case=acc|animacy=inan
встречей	встреча	NOUN	gender=fem|number=sing|case=ins|animacy=inan
встрече	встреча	NOUN	gender=fem|number=sing|case=prep|animacy=inan
встречи	встреча	NOUN	gender=fem|number=plur|case=nom|animacy=inan
встреч	встреча	NOUN	gender=fem|number=plur|case=gen|animacy=inan
организация	организация	NOUN	gender=fem|number=sing|case=nom|animacy=inan
организации	организация	NOUN	gender=fem|number=sing|case=gen|animacy=inan
организации	организация	NOUN	gender=fem|number=sing|case=dat|animacy=inan
организацию	организация	NOUN	gender=fem|number=sing|case=acc|animacy=inan
организацией	организация	NOUN	gender=fem|number=sing|case=ins|animacy=inan
организации	организация	NOUN	gender=fem|number=sing|case=prep|animacy=inan
организации	организация	NOUN	gender=fem|number=plur|case=nom|animacy=inan
организаций	организация	NOUN	gender=fem|number=plur|case=gen|animacy=inan
нация	нация	NOUN	gender=fem|number=sing|case=nom|animacy=inan
нации	нация	NOUN	gender=fem|number=sing|case=gen|animacy=inan
нации	нация	NOUN	gender=fem|number=sing|case=dat|animacy=inan
нацию	нация	NOUN	gender=fem|number=sing|case=acc|animacy=inan
нацией	нация	NOUN	gender=fem|number=sing|case=ins|animacy=inan
нации	нация	NOUN	gender=fem|number=sing|case=prep|animacy=inan
нации	нация	NOUN	gender=fem|number=plur|case=nom|animacy=inan
наций	нация	NOUN	gender=fem|number=plur|case=gen|animacy=inan
вакансия	вакансия	NOUN	gender=fem|number=sing|case=nom|animacy=inan
вакансии	вакансия	NOUN	gender=fem|number=sing|case=gen|animacy=inan
вакансии	вакансия	NOUN	gender=fem|number=sing|case=dat|animacy=inan
вакансию	вакансия	NOUN	gender=fem|number=sing|case=acc|animacy=inan
вакансией	вакансия	NOUN	gender=fem|number=sing|case=ins|animacy=inan
вакансии	вакансия	NOUN	gender=fem|number=sing|case=prep|animacy=inan
газета	газета	NOUN	gender=fem|number=sing|case=nom|animacy=inan
газеты	газета	NOUN	gender=fem|number=sing|case=gen|animacy=inan
газете	газета	NOUN	gender=fem|number=sing|case=dat|animacy=inan
газету	газета	NOUN	gender=fem|number=sing|case=acc|animacy=inan
газетой	газета	NOUN	gender=fem|number=sing|case=ins|animacy=inan
газете	газета	NOUN	gender=fem|number=sing|case=prep|animacy=inan
газеты	газета	NOUN	gender=fem|number=plur|case=nom|animacy=inan
газет	газета	NOUN	gender=fem|number=plur|case=gen|animacy=inan
школа	школа	NOUN	gender=fem|number=sing|case=nom|animacy=inan
школы	школа	NOUN	gender=fem|number=sing|case=gen|animacy=inan
школе	школа	NOUN	gender=fem|number=sing|case=dat|animacy=inan
школу	школа	NOUN	gender=fem|number=sing|case=acc|animacy=inan
школой	школа	NOUN	gender=fem|number=sing|case=ins|animacy=inan
школе	школа	NOUN	gender=fem|number=sing|case=prep|animacy=inan
школы	школа	NOUN	gender=fem|number=plur|case=nom|animacy=inan
школ	школа	NOUN	gender=fem|number=plur|case=gen|animacy=inan
улица	улица	NOUN	gender=fem|number=sing|case=nom|animacy=inan
улицы	улица	NOUN	gender=fem|number=sing|case=gen|animacy=inan
улице	улица	NOUN	gender=fem|number=sing|case=dat|animacy=inan
улицу	улица	NOUN	gender=fem|number=sing|case=acc|animacy=inan
улицей	улица	NOUN	gender=fem|number=sing|case=ins|animacy=inan
улице	улица	NOUN	gender=fem|number=sing|case=prep|animacy=inan
улицы	улица	NOUN	gender=fem|number=plur|case=nom|animacy=inan
улиц	улица	NOUN	gender=fem|number=plur|case=gen|animacy=inan
комната	комната	NOUN	gender=fem|number=sing|case=nom|animacy=inan
комнаты	комната	NOUN	gender=fem|number=sing|case=gen|animacy=inan
комнате	комната	NOUN	gender=fem|number=sing|case=dat|animacy=inan
комнату	комната	NOUN	gender=fem|number=sing|case=acc|animacy=inan
комнатой	комната	NOUN	gender=fem|number=sing|case=ins|animacy=inan
комнате	комната	NOUN	gender=fem|number=sing|case=prep|animacy=inan
комнаты	комната	NOUN	gender=fem|number=plur|case=nom|animacy=inan
комнат	комната	NOUN	gender=fem|number=plur|case=gen|animacy=inan
страна	страна	NOUN	gender=fem|number=sing|case=nom|animacy=inan
страны	страна	NOUN	gender=fem|number=sing|case=gen|animacy=inan
стране	страна	NOUN	gender=fem|number=sing|case=dat|animacy=inan
страну	страна	NOUN	gender=fem|number=sing|case=acc|animacy=inan
страной	страна	NOUN	gender=fem|number=sing|case=ins|animacy=inan
стране	страна	NOUN	gender=fem|number=sing|case=prep|animacy=inan
страны	страна	NOUN	gender=fem|number=plur|case=nom|animacy=inan
стран	страна	NOUN	gender=fem|number=plur|case=gen|animacy=inan
задача	задача	NOUN	gender=fem|number=sing|case=nom|animacy=inan
задачи	задача	NOUN	gender=fem|number=sing|case=gen|animacy=inan
задаче	задача	NOUN	gender=fem|number=sing|case=dat|animacy=inan
задачу	задача	NOUN	gender=fem|number=sing|case=acc|animacy=inan
задачей	задача	NOUN	gender=fem|number=sing|case=ins|animacy=inan
задаче	задача	NOUN	gender=fem|number=sing|case=prep|animacy=inan
задачи	задача	NOUN	gender=fem|number=plur|case=nom|animacy=inan
задач	задача	NOUN	gender=fem|number=plur|case=gen|animacy=inan
идея	идея	NOUN	gender=fem|number=sing|case=nom|animacy=inan
идеи	идея	NOUN	gender=fem|number=sing|case=gen|animacy=inan
идее	идея	NOUN	gender=fem|number=sing|case=dat|animacy=inan
идею	идея	NOUN	gender=fem|number=sing|case=acc|animacy=inan
идеей	идея	NOUN	gender=fem|number=sing|case=ins|animacy=inan
идее	идея	NOUN	gender=fem|number=sing|case=prep|animacy=inan
идеи	идея	NOUN	gender=fem|number=plur|case=nom|animacy=inan
идей	идея	NOUN	gender=fem|number=plur|case=gen|animacy=inan
проблема	проблема	NOUN	gender=fem|number=sing|case=nom|animacy=inan
проблемы	проблема	NOUN	gender=fem|number=sing|case=gen|animacy=inan
проблеме	проблема	NOUN	gender=fem|number=sing|case=dat|animacy=inan
проблему	проблема	NOUN	gender=fem|number=sing|case=acc|animacy=inan
проблемой	проблема	NOUN	gender=fem|number=sing|case=ins|animacy=inan
проблеме	проблема	NOUN	gender=fem|number=sing|case=prep|animacy=inan
проблемы	проблема	NOUN	gender=fem|number=plur|case=nom|animacy=inan
проблем	проблема	NOUN	gender=fem|number=plur|case=gen|animacy=inan
система	система	NOUN	gender=fem|number=sing|case=nom|animacy=inan
системы	система	NOUN	gender=fem|number=sing|case=gen|animacy=inan
системе	система	NOUN	gender=fem|number=sing|case=dat|animacy=inan
систему	система	NOUN	gender=fem|number=sing|case=acc|animacy=inan
системой	система	NOUN	gender=fem|number=sing|case=ins|animacy=inan
системе	система	NOUN	gender=fem|number=sing|case=prep|animacy=inan
системы	система	NOUN	gender=fem|number=plur|case=nom|animacy=inan
систем	система	NOUN	gender=fem|number=plur|case=gen|animacy=inan
программа	программа	NOUN	gender=fem|number=sing|case=nom|animacy=inan
программы	программа	NOUN	gender=fem|number=sing|case=gen|animacy=inan
программе	программа	NOUN	gender=fem|number=sing|case=dat|animacy=inan
программу	программа	NOUN	gender=fem|number=sing|case=acc|animacy=inan
программой	программа	NOUN	gender=fem|number=sing|case=ins|animacy=inan
программе	программа	NOUN	gender=fem|number=sing|case=prep|animacy=inan
программы	программа	NOUN	gender=fem|number=plur|case=nom|animacy=inan
программ	программа	NOUN	gender=fem|number=plur|case=gen|animacy=inan
статья	статья	NOUN	gender=fem|number=sing|case=nom|animacy=inan
статьи	статья	NOUN	gender=fem|number=sing|case=gen|animacy=inan
статье	статья	NOUN	gender=fem|number=sing|case=dat|animacy=inan
статью	статья	NOUN	gender=fem|number=sing|case=acc|animacy=inan
статьёй	статья	NOUN	gender=fem|number=sing|case=ins|animacy=inan
статье	статья	NOUN	gender=fem|number=sing|case=prep|animacy=inan
статьи	статья	NOUN	gender=fem|number=plur|case=nom|animacy=inan
статей	статья	NOUN	gender=fem|number=plur|case=gen|animacy=inan
цена	цена	NOUN	gender=fem|number=sing|case=nom|animacy=inan
цены	цена	NOUN	gender=fem|number=sing|case=gen|animacy=inan
цене	цена	NOUN	gender=fem|number=sing|case=dat|animacy=inan
цену	цена	NOUN	gender=fem|number=sing|case=acc|animacy=inan
ценой	цена	NOUN	gender=fem|number=sing|case=ins|animacy=inan
цене	цена	NOUN	gender=fem|number=sing|case=prep|animacy=inan
цены	цена	NOUN	gender=fem|number=plur|case=nom|animacy=inan
цен	цена	NOUN	gender=fem|number=plur|case=gen|animacy=inan
картина	картина	NOUN	gender=fem|number=sing|case=nom|animacy=inan
картины	картина	NOUN	gender=fem|number=sing|case=gen|animacy=inan
картине	картина	NOUN	gender=fem|number=sing|case=dat|animacy=inan
картину	картина	NOUN	gender=fem|number=sing|case=acc|animacy=inan
картиной	картина	NOUN	gender=fem|number=sing|case=ins|animacy=inan
картине	картина	NOUN	gender=fem|number=sing|case=prep|animacy=inan
картины	картина	NOUN	gender=fem|number=plur|case=nom|animacy=inan
картин	картина	NOUN	gender=fem|number=plur|case=gen|animacy=inan
девочка	девочка	NOUN	gender=fem|number=sing|case=nom|animacy=anim
девочки	девочка	NOUN	gender=fem|number=sing|case=gen|animacy=anim
девочке	девочка	NOUN	gender=fem|number=sing|case=dat|animacy=anim
девочку	девочка	NOUN	gender=fem|number=sing|case=acc|animacy=anim
девочкой	девочка	NOUN	gender=fem|number=sing|case=ins|animacy=anim
девочке	девочка	NOUN	gender=fem|number=sing|case=prep|animacy=anim
девочки	девочка	NOUN	gender=fem|number=plur|case=nom|animacy=anim
девочек	девочка	NOUN	gender=fem|number=plur|case=gen|animacy=anim
женщина	женщина	NOUN	gender=fem|number=sing|case=nom|animacy=anim
женщины	женщина	NOUN	gender=fem|number=sing|case=gen|animacy=anim
женщине	женщина	NOUN	gender=fem|number=sing|case=dat|animacy=anim
женщину	женщина	NOUN	gender=fem|number=sing|case=acc|animacy=anim
женщиной	женщина	NOUN	gender=fem|number=sing|case=ins|animacy=anim
женщине	женщина	NOUN	gender=fem|number=sing|case=prep|animacy=anim
женщины	женщина	NOUN	gender=fem|number=plur|case=nom|animacy=anim
женщин	женщина	NOUN	gender=fem|number=plur|case=gen|animacy=anim
кошка	кошка	NOUN	gender=fem|number=sing|case=nom|animacy=anim
кошки	кошка	NOUN	gender=fem|number=sing|case=gen|animacy=anim
кошке	кошка	NOUN	gender=fem|number=sing|case=dat|animacy=anim
кошку	кошка	NOUN	gender=fem|number=sing|case=acc|animacy=anim
кошкой	кошка	NOUN	gender=fem|number=sing|case=ins|animacy=anim
кошке	кошка	NOUN	gender=fem|number=sing|case=prep|animacy=anim
кошки	кошка	NOUN	gender=fem|number=plur|case=nom|animacy=anim
кошек	кошка	NOUN	gender=fem|number=plur|case=gen|animacy=anim
собака	собака	NOUN	gender=fem|number=sing|case=nom|animacy=anim
собаки	собака	NOUN	gender=fem|number=sing|case=gen|animacy=anim
собаке	собака	NOUN	gender=fem|number=sing|case=dat|animacy=anim
собаку	собака	NOUN	gender=fem|number=sing|case=acc|animacy=anim
собакой	собака	NOUN	gender=fem|number=sing|case=ins|animacy=anim
собаке	собака	NOUN	gender=fem|number=sing|case=prep|animacy=anim
собаки	собака	NOUN	gender=fem|number=plur|case=nom|animacy=anim
собак	собака	NOUN	gender=fem|number=plur|case=gen|animacy=anim
девушка	девушка	NOUN	gender=fem|number=sing|case=nom|animacy=anim
девушки	девушка	NOUN	gender=fem|number=sing|case=gen|animacy=anim
девушке	девушка	NOUN	gender=fem|number=sing|case=dat|animacy=anim
девушку	девушка	NOUN	gender=fem|number=sing|case=acc|animacy=anim
девушкой	девушка	NOUN	gender=fem|number=sing|case=ins|animacy=anim
девушке	девушка	NOUN	gender=fem|number=sing|case=prep|animacy=anim
девушки	девушка	NOUN	gender=fem|number=plur|case=nom|animacy=anim
девушек	девушка	NOUN	gender=fem|number=plur|case=gen|animacy=anim
мать	мать	NOUN	gender=fem|number=sing|case=nom|animacy=anim
матери	мать	NOUN	gender=fem|number=sing|case=gen|animacy=anim
матери	мать	NOUN	gender=fem|number=sing|case=dat|animacy=anim
мать	мать	NOUN	gender=fem|number=sing|case=acc|animacy=anim
матерью	мать	NOUN	gender=fem|number=sing|case=ins|animacy=anim
матери	мать	NOUN	gender=fem|number=sing|case=prep|animacy=anim
матери	мать	NOUN	gender=fem|number=plur|case=nom|animacy=anim
матерей	мать	NOUN	gender=fem|number=plur|case=gen|animacy=anim
дочь	дочь	NOUN	gender=fem|number=sing|case=nom|animacy=anim
дочери	дочь	NOUN	gender=fem|number=sing|case=gen|animacy=anim
дочери	дочь	NOUN	gender=fem|number=sing|case=dat|animacy=anim
дочь	дочь	NOUN	gender=fem|number=sing|case=acc|animacy=anim
дочерью	дочь	NOUN	gender=fem|number=sing|case=ins|animacy=anim
дочери	дочь	NOUN	gender=fem|number=sing|case=prep|animacy=anim
дочери	дочь	NOUN	gender=fem|number=plur|case=nom|animacy=anim
дочерей	дочь	NOUN	gender=fem|number=plur|case=gen|animacy=anim
окно	окно	NOUN	gender=neut|number=sing|case=nom|animacy=inan
окна	окно	NOUN	gender=neut|number=sing|case=gen|animacy=inan
окну	окно	NOUN	gender=neut|number=sing|case=dat|animacy=inan
окно	окно	NOUN	gender=neut|number=sing|case=acc|animacy=inan
окном	окно	NOUN	gender=neut|number=sing|case=ins|animacy=inan
окне	окно	NOUN	gender=neut|number=sing|case=prep|animacy=inan
окна	окно	NOUN	gender=neut|number=plur|case=nom|animacy=inan
окон	окно	NOUN	gender=neut|number=plur|case=gen|animacy=inan
дерево	дерево	NOUN	gender=neut|number=sing|case=nom|animacy=inan
дерева	дерево	NOUN	gender=neut|number=sing|case=gen|animacy=inan
дереву	дерево	NOUN	gender=neut|number=sing|case=dat|animacy=inan
дерево	дерево	NOUN	gender=neut|number=sing|case=acc|animacy=inan
деревом	дерево	NOUN	gender=neut|number=sing|case=ins|animacy=inan
дереве	дерево	NOUN	gender=neut|number=sing|case=prep|animacy=inan
деревья	дерево	NOUN	gender=neut|number=plur|case=nom|animacy=inan
деревьев	дерево	NOUN	gender=neut|number=plur|case=gen|animacy=inan
слово	слово	NOUN	gender=neut|number=sing|case=nom|animacy=inan
слова	слово	NOUN	gender=neut|number=sing|case=gen|animacy=inan
слову	слово	NOUN	gender=neut|number=sing|case=dat|animacy=inan
слово	слово	NOUN	gender=neut|number=sing|case=acc|animacy=inan
словом	слово	NOUN	gender=neut|number=sing|case=ins|animacy=inan
слове	слово	NOUN	gender=neut|number=sing|case=prep|animacy=inan
слова	слово	NOUN	gender=neut|number=plur|case=nom|animacy=inan
слов	слово	NOUN	gender=neut|number=plur|case=gen|animacy=inan
дело	дело	NOUN	gender=neut|number=sing|case=nom|animacy=inan
дела	дело	NOUN	gender=neut|number=sing|case=gen|animacy=inan
делу	дело	NOUN	gender=neut|number=sing|case=dat|animacy=inan
дело	дело	NOUN	gender=neut|number=sing|case=acc|animacy=inan
делом	дело	NOUN	gender=neut|number=sing|case=ins|animacy=inan
деле	дело	NOUN	gender=neut|number=sing|case=prep|animacy=inan
дела	дело	NOUN	gender=neut|number=plur|case=nom|animacy=inan
дел	дело	NOUN	gender=neut|number=plur|case=gen|animacy=inan
место	место	NOUN	gender=neut|number=sing|case=nom|animacy=inan
места	место	NOUN	gender=neut|number=sing|case=gen|animacy=inan
месту	место	NOUN	gender=neut|number=sing|case=dat|animacy=inan
место	место	NOUN	gender=neut|number=sing|case=acc|animacy=inan
местом	место	NOUN	gender=neut|number=sing|case=ins|animacy=inan
месте	место	NOUN	gender=neut|number=sing|case=prep|animacy=inan
места	место	NOUN	gender=neut|number=plur|case=nom|animacy=inan
мест	место	NOUN	gender=neut|number=plur|case=gen|animacy=inan
время	время	NOUN	gender=neut|number=sing|case=nom|animacy=inan
времени	время	NOUN	gender=neut|number=sing|case=gen|animacy=inan
времени	время	NOUN	gender=neut|number=sing|case=dat|animacy=inan
время	время	NOUN	gender=neut|number=sing|case=acc|animacy=inan
временем	время	NOUN	gender=neut|number=sing|case=ins|animacy=inan
времени	время	NOUN	gender=neut|number=sing|case=prep|animacy=inan
времена	время	NOUN	gender=neut|number=plur|case=nom|animacy=inan
времён	время	NOUN	gender=neut|number=plur|case=gen|animacy=inan
имя	имя	NOUN	gender=neut|number=sing|case=nom|animacy=inan
имени	имя	NOUN	gender=neut|number=sing|case=gen|animacy=inan
имени	имя	NOUN	gender=neut|number=sing|case=dat|animacy=inan
имя	имя	NOUN	gender=neut|number=sing|case=acc|animacy=inan
именем	имя	NOUN	gender=neut|number=sing|case=ins|animacy=inan
имени	имя	NOUN	gender=neut|number=sing|case=prep|animacy=inan
имена	имя	NOUN	gender=neut|number=plur|case=nom|animacy=inan
имён	имя	NOUN	gender=neut|number=plur|case=gen|animacy=inan
задание	задание	NOUN	gender=neut|number=sing|case=nom|animacy=inan
задания	задание	NOUN	gender=neut|number=sing|case=gen|animacy=inan
заданию	задание	NOUN	gender=neut|number=sing|case=dat|animacy=inan
задание	задание	NOUN	gender=neut|number=sing|case=acc|animacy=inan
заданием	задание	NOUN	gender=neut|number=sing|case=ins|animacy=inan
задании	задание	NOUN	gender=neut|number=sing|case=prep|animacy=inan
задания	задание	NOUN	gender=neut|number=plur|case=nom|animacy=inan
заданий	задание	NOUN	gender=neut|number=plur|case=gen|animacy=inan
решение	решение	NOUN	gender=neut|number=sing|case=nom|animacy=inan
решения	решение	NOUN	gender=neut|number=sing|case=gen|animacy=inan
решению	решение	NOUN	gender=neut|number=sing|case=dat|animacy=inan
решение	решение	NOUN	gender=neut|number=sing|case=acc|animacy=inan
решением	решение	NOUN	gender=neut|number=sing|case=ins|animacy=inan
решении	решение	NOUN	gender=neut|number=sing|case=prep|animacy=inan
решения	решение	NOUN	gender=neut|number=plur|case=nom|animacy=inan
решений	решение	NOUN	gender=neut|number=plur|case=gen|animacy=inan
правило	правило	NOUN	gender=neut|number=sing|case=nom|animacy=inan
правила	правило	NOUN	gender=neut|number=sing|case=gen|animacy=inan
правилу	правило	NOUN	gender=neut|number=sing|case=dat|animacy=inan
правило	правило	NOUN	gender=neut|number=sing|case=acc|animacy=inan
правилом	правило	NOUN	gender=neut|number=sing|case=ins|animacy=inan
правиле	правило	NOUN	gender=neut|number=sing|case=prep|animacy=inan
правила	правило	NOUN	gender=neut|number=plur|case=nom|animacy=inan
правил	правило	NOUN	gender=neut|number=plur|case=gen|animacy=inan
письмо	письмо	NOUN	gender=neut|number=sing|case=nom|animacy=inan
письма	письмо	NOUN	gender=neut|number=sing|case=gen|animacy=inan
письму	письмо	NOUN	gender=neut|number=sing|case=dat|animacy=inan
письмо	письмо	NOUN	gender=neut|number=sing|case=acc|animacy=inan
письмом	письмо	NOUN	gender=neut|number=sing|case=ins|animacy=inan
письме	письмо	NOUN	gender=neut|number=sing|case=prep|animacy=inan
письма	письмо	NOUN	gender=neut|number=plur|case=nom|animacy=inan
писем	письмо	NOUN	gender=neut|number=plur|case=gen|animacy=inan
число	число	NOUN	gender=neut|number=sing|case=nom|animacy=inan
числа	число	NOUN	gender=neut|number=sing|case=gen|animacy=inan
числу	число	NOUN	gender=neut|number=sing|case=dat|animacy=inan
число	число	NOUN	gender=neut|number=sing|case=acc|animacy=inan
числом	число	NOUN	gender=neut|number=sing|case=ins|animacy=inan
числе	число	NOUN	gender=neut|number=sing|case=prep|animacy=inan
числа	число	NOUN	gender=neut|number=plur|case=nom|animacy=inan
чисел	число	NOUN	gender=neut|number=plur|case=gen|animacy=inan
состояние	состояние	NOUN	gender=neut|number=sing|case=nom|animacy=inan
состояния	состояние	NOUN	gender=neut|number=sing|case=gen|animacy=inan
состоянию	состояние	NOUN	gender=neut|number=sing|case=dat|animacy=inan
состояние	состояние	NOUN	gender=neut|number=sing|case=acc|animacy=inan
состоянием	состояние	NOUN	gender=neut|number=sing|case=ins|animacy=inan
состоянии	состояние	NOUN	gender=neut|number=sing|case=prep|animacy=inan
состояния	состояние	NOUN	gender=neut|number=plur|case=nom|animacy=inan
состояний	состояние	NOUN	gender=neut|number=plur|case=gen|animacy=inan
здание	здание	NOUN	gender=neut|number=sing|case=nom|animacy=inan
здания	здание	NOUN	gender=neut|number=sing|case=gen|animacy=inan
зданию	здание	NOUN	gender=neut|number=sing|case=dat|animacy=inan
здание	здание	NOUN	gender=neut|number=sing|case=acc|animacy=inan
зданием	здание	NOUN	gender=neut|number=sing|case=ins|animacy=inan
здании	здание	NOUN	gender=neut|number=sing|case=prep|animacy=inan
здания	здание	NOUN	gender=neut|number=plur|case=nom|animacy=inan
зданий	здание	NOUN	gender=neut|number=plur|case=gen|animacy=inan
дети	ребёнок	NOUN	number=plur|case=nom|animacy=anim
детей	ребёнок	NOUN	number=plur|case=gen|animacy=anim
людей	человек	NOUN	number=plur|case=gen|animacy=anim
люди	человек	NOUN	number=plur|case=nom|animacy=anim
пришёл	прийти	VERB	gender=masc|number=sing|tense=past|verb_form=finite|aspect=perf
пришла	прийти	VERB	gender=fem|number=sing|tense=past|verb_form=finite|aspect=perf
пришло	прийти	VERB	gender=neut|number=sing|tense=past|verb_form=finite|aspect=perf
пришли	прийти	VERB	number=plur|tense=past|verb_form=finite|aspect=perf
пришел	прийти	VERB	gender=masc|number=sing|tense=past|verb_form=finite|aspect=perf
пошёл	пойти	VERB	gender=masc|number=sing|tense=past|verb_form=finite|aspect=perf
пошла	пойти	VERB	gender=fem|number=sing|tense=past|verb_form=finite|aspect=perf
пошло	пойти	VERB	gender=neut|number=sing|tense=past|verb_form=finite|aspect=perf
пошли	пойти	VERB	number=plur|tense=past|verb_form=finite|aspect=perf
ушёл	уйти	VERB	gender=masc|number=sing|tense=past|verb_form=finite|aspect=perf
ушла	уйти	VERB	gender=fem|number=sing|tense=past|verb_form=finite|aspect=perf
ушло	уйти	VERB	gender=neut|number=sing|tense=past|verb_form=finite|aspect=perf
ушли	уйти	VERB	number=plur|tense=past|verb_form=finite|aspect=perf
сказал	сказать	VERB	gender=masc|number=sing|tense=past|verb_form=finite|aspect=perf
сказала	сказать	VERB	gender=fem|number=sing|tense=past|verb_form=finite|aspect=perf
сказало	сказать	VERB	gender=neut|number=sing|tense=past|verb_form=finite|aspect=perf
сказали	сказать	VERB	number=plur|tense=past|verb_form=finite|aspect=perf
сделал	сделать	VERB	gender=masc|number=sing|tense=past|verb_form=finite|aspect=perf
сделала	сделать	VERB	gender=fem|number=sing|tense=past|verb_form=finite|aspect=perf
сделало	сделать	VERB	gender=neut|number=sing|tense=past|verb_form=finite|aspect=perf
сделали	сделать	VERB	number=plur|tense=past|verb_form=finite|aspect=perf
написал	написать	VERB	gender=masc|number=sing|tense=past|verb_form=finite|aspect=perf
написала	написать	VERB	gender=fem|number=sing|tense=past|verb_form=finite|aspect=perf
написало	написать	VERB	gender=neut|number=sing|tense=past|verb_form=finite|aspect=perf
написали	написать	VERB	number=plur|tense=past|verb_form=finite|aspect=perf
прочитал	прочитать	VERB	gender=masc|number=sing|tense=past|verb_form=finite|aspect=perf
прочитала	прочитать	VERB	gender=fem|number=sing|tense=past|verb_form=finite|aspect=perf
прочитало	прочитать	VERB	gender=neut|number=sing|tense=past|verb_form=finite|aspect=perf
прочитали	прочитать	VERB	number=plur|tense=past|verb_form=finite|aspect=perf
решил	решить	VERB	gender=masc|number=sing|tense=past|verb_form=finite|aspect=perf
решила	решить	VERB	gender=fem|number=sing|tense=past|verb_form=finite|aspect=perf
решило	решить	VERB	gender=neut|number=sing|tense=past|verb_form=finite|aspect=perf
решили	решить	VERB	number=plur|tense=past|verb_form=finite|aspect=perf
обновил	обновить	VERB	gender=masc|number=sing|tense=past|verb_form=finite|aspect=perf
обновила	обновить	VERB	gender=fem|number=sing|tense=past|verb_form=finite|aspect=perf
обновило	обновить	VERB	gender=neut|number=sing|tense=past|verb_form=finite|aspect=perf
обновили	обновить	VERB	number=plur|tense=past|verb_form=finite|aspect=perf
выпустил	выпустить	VERB	gender=masc|number=sing|tense=past|verb_form=finite|aspect=perf
выпустила	выпустить	VERB	gender=fem|number=sing|tense=past|verb_form=finite|aspect=perf
выпустило	выпустить	VERB	gender=neut|number=sing|tense=past|verb_form=finite|aspect=perf
выпустили	выпустить	VERB	number=plur|tense=past|verb_form=finite|aspect=perf
перенёс	перенести	VERB	gender=masc|number=sing|tense=past|verb_form=finite|aspect=perf
перенесла	перенести	VERB	gender=fem|number=sing|tense=past|verb_form=finite|aspect=perf
перенесло	перенести	VERB	gender=neut|number=sing|tense=past|verb_form=finite|aspect=perf
перенесли	перенести	VERB	number=plur|tense=past|verb_form=finite|aspect=perf
стоял	стоять	VERB	gender=masc|number=sing|tense=past|verb_form=finite|aspect=impf
стояла	стоять	VERB	gender=fem|number=sing|tense=past|verb_form=finite|aspect=impf
стояло	стоять	VERB	gender=neut|number=sing|tense=past|verb_form=finite|aspect=impf
стояли	стоять	VERB	number=plur|tense=past|verb_form=finite|aspect=impf
работал	работать	VERB	gender=masc|number=sing|tense=past|verb_form=finite|aspect=impf
работала	работать	VERB	gender=fem|number=sing|tense=past|verb_form=finite|aspect=impf
работало	работать	VERB	gender=neut|number=sing|tense=past|verb_form=finite|aspect=impf
работали	работать	VERB	number=plur|tense=past|verb_form=finite|aspect=impf
читал	читать	VERB	gender=masc|number=sing|tense=past|verb_form=finite|aspect=impf
читала	читать	VERB	gender=fem|number=sing|tense=past|verb_form=finite|aspect=impf
читало	читать	VERB	gender=neut|number=sing|tense=past|verb_form=finite|aspect=impf
читали	читать	VERB	number=plur|tense=past|verb_form=finite|aspect=impf
писал	писать	VERB	gender=masc|number=sing|tense=past|verb_form=finite|aspect=impf
писала	писать	VERB	gender=fem|number=sing|tense=past|verb_form=finite|aspect=impf
писало	писать	VERB	gender=neut|number=sing|tense=past|verb_form=finite|aspect=impf
писали	писать	VERB	number=plur|tense=past|verb_form=finite|aspect=impf
видел	видеть	VERB	gender=masc|number=sing|tense=past|verb_form=finite|aspect=impf
видела	видеть	VERB	gender=fem|number=sing|tense=past|verb_form=finite|aspect=impf
видело	видеть	VERB	gender=neut|number=sing|tense=past|verb_form=finite|aspect=impf
видели	видеть	VERB	number=plur|tense=past|verb_form=finite|aspect=impf
любил	любить	VERB	gender=masc|number=sing|tense=past|verb_form=finite|aspect=impf
любила	любить	VERB	gender=fem|number=sing|tense=past|verb_form=finite|aspect=impf
любило	любить	VERB	gender=neut|number=sing|tense=past|verb_form=finite|aspect=impf
любили	любить	VERB	number=plur|tense=past|verb_form=finite|aspect=impf
знал	знать	VERB	gender=masc|number=sing|tense=past|verb_form=finite|aspect=impf
знала	знать	VERB	gender=fem|number=sing|tense=past|verb_form=finite|aspect=impf
знало	знать	VERB	gender=neut|number=sing|tense=past|verb_form=finite|aspect=impf
знали	знать	VERB	number=plur|tense=past|verb_form=finite|aspect=impf
думал	думать	VERB	gender=masc|number=sing|tense=past|verb_form=finite|aspect=impf
думала	думать	VERB	gender=fem|number=sing|tense=past|verb_form=finite|aspect=impf
думало	думать	VERB	gender=neut|number=sing|tense=past|verb_form=finite|aspect=impf
думали	думать	VERB	number=plur|tense=past|verb_form=finite|aspect=impf
говорил	говорить	VERB	gender=masc|number=sing|tense=past|verb_form=finite|aspect=impf
говорила	говорить	VERB	gender=fem|number=sing|tense=past|verb_form=finite|aspect=impf
говорило	говорить	VERB	gender=neut|number=sing|tense=past|verb_form=finite|aspect=impf
говорили	говорить	VERB	number=plur|tense=past|verb_form=finite|aspect=impf
жил	жить	VERB	gender=masc|number=sing|tense=past|verb_form=finite|aspect=impf
жила	жить	VERB	gender=fem|number=sing|tense=past|verb_form=finite|aspect=impf
жило	жить	VERB	gender=neut|number=sing|tense=past|verb_form=finite|aspect=impf
жили	жить	VERB	number=plur|tense=past|verb_form=finite|aspect=impf
шёл	идти	VERB	gender=masc|number=sing|tense=past|verb_form=finite|aspect=impf
шла	идти	VERB	gender=fem|number=sing|tense=past|verb_form=finite|aspect=impf
шло	идти	VERB	gender=neut|number=sing|tense=past|verb_form=finite|aspect=impf
шли	идти	VERB	number=plur|tense=past|verb_form=finite|aspect=impf
ел	есть	VERB	gender=masc|number=sing|tense=past|verb_form=finite|aspect=impf
ела	есть	VERB	gender=fem|number=sing|tense=past|verb_form=finite|aspect=impf
ело	есть	VERB	gender=neut|number=sing|tense=past|verb_form=finite|aspect=impf
ели	есть	VERB	number=plur|tense=past|verb_form=finite|aspect=impf
пил	пить	VERB	gender=masc|number=sing|tense=past|verb_form=finite|aspect=impf
пила	пить	VERB	gender=fem|number=sing|tense=past|verb_form=finite|aspect=impf
пило	пить	VERB	gender=neut|number=sing|tense=past|verb_form=finite|aspect=impf
пили	пить	VERB	number=plur|tense=past|verb_form=finite|aspect=impf
спал	спать	VERB	gender=masc|number=sing|tense=past|verb_form=finite|aspect=impf
спала	спать	VERB	gender=fem|number=sing|tense=past|verb_form=finite|aspect=impf
спало	спать	VERB	gender=neut|number=sing|tense=past|verb_form=finite|aspect=impf
спали	спать	VERB	number=plur|tense=past|verb_form=finite|aspect=impf
бежал	бежать	VERB	gender=masc|number=sing|tense=past|verb_form=finite|aspect=impf
бежала	бежать	VERB	gender=fem|number=sing|tense=past|verb_form=finite|aspect=impf
бежало	бежать	VERB	gender=neut|number=sing|tense=past|verb_form=finite|aspect=impf
бежали	бежать	VERB	number=plur|tense=past|verb_form=finite|aspect=impf
летел	лететь	VERB	gender=masc|number=sing|tense=past|verb_form=finite|aspect=impf
летела	лететь	VERB	gender=fem|number=sing|tense=past|verb_form=finite|aspect=impf
летело	лететь	VERB	gender=neut|number=sing|tense=past|verb_form=finite|aspect=impf
летели	лететь	VERB	number=plur|tense=past|verb_form=finite|aspect=impf
лежал	лежать	VERB	gender=masc|number=sing|tense=past|verb_form=finite|aspect=impf
лежала	лежать	VERB	gender=fem|number=sing|tense=past|verb_form=finite|aspect=impf
лежало	лежать	VERB	gender=neut|number=sing|tense=past|verb_form=finite|aspect=impf
лежали	лежать	VERB	number=plur|tense=past|verb_form=finite|aspect=impf
сидел	сидеть	VERB	gender=masc|number=sing|tense=past|verb_form=finite|aspect=impf
сидела	сидеть	VERB	gender=fem|number=sing|tense=past|verb_form=finite|aspect=impf
сидело	сидеть	VERB	gender=neut|number=sing|tense=past|verb_form=finite|aspect=impf
сидели	сидеть	VERB	number=plur|tense=past|verb_form=finite|aspect=impf
знаю	знать	VERB	number=sing|person=1|tense=pres|verb_form=finite|aspect=impf
знаешь	знать	VERB	number=sing|person=2|tense=pres|verb_form=finite|aspect=impf
знает	знать	VERB	number=sing|person=3|tense=pres|verb_form=finite|aspect=impf
знают	знать	VERB	number=plur|person=3|tense=pres|verb_form=finite|aspect=impf
хочу	хотеть	VERB	number=sing|person=1|tense=pres|verb_form=finite|aspect=impf
хочешь	хотеть	VERB	number=sing|person=2|tense=pres|verb_form=finite|aspect=impf
хочет	хотеть	VERB	number=sing|person=3|tense=pres|verb_form=finite|aspect=impf
хотят	хотеть	VERB	number=plur|person=3|tense=pres|verb_form=finite|aspect=impf
могу	мочь	VERB	number=sing|person=1|tense=pres|verb_form=finite|aspect=impf
можешь	мочь	VERB	number=sing|person=2|tense=pres|verb_form=finite|aspect=impf
может	мочь	VERB	number=sing|person=3|tense=pres|verb_form=finite|aspect=impf
могут	мочь	VERB	number=plur|person=3|tense=pres|verb_form=finite|aspect=impf
работаю	работать	VERB	number=sing|person=1|tense=pres|verb_form=finite|aspect=impf
работаешь	работать	VERB	number=sing|person=2|tense=pres|verb_form=finite|aspect=impf
работает	работать	VERB	number=sing|person=3|tense=pres|verb_form=finite|aspect=impf
работают	работать	VERB	number=plur|person=3|tense=pres|verb_form=finite|aspect=impf
читаю	читать	VERB	number=sing|person=1|tense=pres|verb_form=finite|aspect=impf
читаешь	читать	VERB	number=sing|person=2|tense=pres|verb_form=finite|aspect=impf
читает	читать	VERB	number=sing|person=3|tense=pres|verb_form=finite|aspect=impf
читают	читать	VERB	number=plur|person=3|tense=pres|verb_form=finite|aspect=impf
пишу	писать	VERB	number=sing|person=1|tense=pres|verb_form=finite|aspect=impf
пишешь	писать	VERB	number=sing|person=2|tense=pres|verb_form=finite|aspect=impf
пишет	писать	VERB	number=sing|person=3|tense=pres|verb_form=finite|aspect=impf
пишут	писать	VERB	number=plur|person=3|tense=pres|verb_form=finite|aspect=impf
вижу	видеть	VERB	number=sing|person=1|tense=pres|verb_form=finite|aspect=impf
видишь	видеть	VERB	number=sing|person=2|tense=pres|verb_form=finite|aspect=impf
видит	видеть	VERB	number=sing|person=3|tense=pres|verb_form=finite|aspect=impf
видят	видеть	VERB	number=plur|person=3|tense=pres|verb_form=finite|aspect=impf
люблю	любить	VERB	number=sing|person=1|tense=pres|verb_form=finite|aspect=impf
любишь	любить	VERB	number=sing|person=2|tense=pres|verb_form=finite|aspect=impf
любит	любить	VERB	number=sing|person=3|tense=pres|verb_form=finite|aspect=impf
любят	любить	VERB	number=plur|person=3|tense=pres|verb_form=finite|aspect=impf
иду	идти	VERB	number=sing|person=1|tense=pres|verb_form=finite|aspect=impf
идёшь	идти	VERB	number=sing|person=2|tense=pres|verb_form=finite|aspect=impf
идёт	идти	VERB	number=sing|person=3|tense=pres|verb_form=finite|aspect=impf
идут	идти	VERB	number=plur|person=3|tense=pres|verb_form=finite|aspect=impf
думаю	думать	VERB	number=sing|person=1|tense=pres|verb_form=finite|aspect=impf
думаешь	думать	VERB	number=sing|person=2|tense=pres|verb_form=finite|aspect=impf
думает	думать	VERB	number=sing|person=3|tense=pres|verb_form=finite|aspect=impf
думают	думать	VERB	number=plur|person=3|tense=pres|verb_form=finite|aspect=impf
говорю	говорить	VERB	number=sing|person=1|tense=pres|verb_form=finite|aspect=impf
говоришь	говорить	VERB	number=sing|person=2|tense=pres|verb_form=finite|aspect=impf
говорит	говорить	VERB	number=sing|person=3|tense=pres|verb_form=finite|aspect=impf
говорят	говорить	VERB	number=plur|person=3|tense=pres|verb_form=finite|aspect=impf
живу	жить	VERB	number=sing|person=1|tense=pres|verb_form=finite|aspect=impf
живёшь	жить	VERB	number=sing|person=2|tense=pres|verb_form=finite|aspect=impf
живёт	жить	VERB	number=sing|person=3|tense=pres|verb_form=finite|aspect=impf
живут	жить	VERB	number=plur|person=3|tense=pres|verb_form=finite|aspect=impf
проверяю	проверять	VERB	number=sing|person=1|tense=pres|verb_form=finite|aspect=impf
проверяешь	проверять	VERB	number=sing|person=2|tense=pres|verb_form=finite|aspect=impf
проверяет	проверять	VERB	number=sing|person=3|tense=pres|verb_form=finite|aspect=impf
проверяют	проверять	VERB	number=plur|person=3|tense=pres|verb_form=finite|aspect=impf
управляю	управлять	VERB	number=sing|person=1|tense=pres|verb_form=finite|aspect=impf
управляешь	управлять	VERB	number=sing|person=2|tense=pres|verb_form=finite|aspect=impf
управляет	управлять	VERB	number=sing|person=3|tense=pres|verb_form=finite|aspect=impf
управляют	управлять	VERB	number=plur|person=3|tense=pres|verb_form=finite|aspect=impf
ненавижу	ненавидеть	VERB	number=sing|person=1|tense=pres|verb_form=finite|aspect=impf
ненавидишь	ненавидеть	VERB	number=sing|person=2|tense=pres|verb_form=finite|aspect=impf
ненавидит	ненавидеть	VERB	number=sing|person=3|tense=pres|verb_form=finite|aspect=impf
ненавидят	ненавидеть	VERB	number=plur|person=3|tense=pres|verb_form=finite|aspect=impf
жду	ждать	VERB	number=sing|person=1|tense=pres|verb_form=finite|aspect=impf
ждёшь	ждать	VERB	number=sing|person=2|tense=pres|verb_form=finite|aspect=impf
ждёт	ждать	VERB	number=sing|person=3|tense=pres|verb_form=finite|aspect=impf
ждут	ждать	VERB	number=plur|person=3|tense=pres|verb_form=finite|aspect=impf
ем	есть	VERB	number=sing|person=1|tense=pres|verb_form=finite|aspect=impf
ешь	есть	VERB	number=sing|person=2|tense=pres|verb_form=finite|aspect=impf
ест	есть	VERB	number=sing|person=3|tense=pres|verb_form=finite|aspect=impf
едят	есть	VERB	number=plur|person=3|tense=pres|verb_form=finite|aspect=impf
пью	пить	VERB	number=sing|person=1|tense=pres|verb_form=finite|aspect=impf
пьёшь	пить	VERB	number=sing|person=2|tense=pres|verb_form=finite|aspect=impf
пьёт	пить	VERB	number=sing|person=3|tense=pres|verb_form=finite|aspect=impf
пьют	пить	VERB	number=plur|person=3|tense=pres|verb_form=finite|aspect=impf
сплю	спать	VERB	number=sing|person=1|tense=pres|verb_form=finite|aspect=impf
спишь	спать	VERB	number=sing|person=2|tense=pres|verb_form=finite|aspect=impf
спит	спать	VERB	number=sing|person=3|tense=pres|verb_form=finite|aspect=impf
спят	спать	VERB	number=plur|person=3|tense=pres|verb_form=finite|aspect=impf
быть	быть	VERB	verb_form=inf|aspect=impf
знать	знать	VERB	verb_form=inf|aspect=impf
ждать	ждать	VERB	verb_form=inf|aspect=impf
спорить	спорить	VERB	verb_form=inf|aspect=impf
читать	читать	VERB	verb_form=inf|aspect=impf
писать	писать	VERB	verb_form=inf|aspect=impf
идти	идти	VERB	verb_form=inf|aspect=impf
говорить	говорить	VERB	verb_form=inf|aspect=impf
думать	думать	VERB	verb_form=inf|aspect=impf
работать	работать	VERB	verb_form=inf|aspect=impf
любить	любить	VERB	verb_form=inf|aspect=impf
видеть	видеть	VERB	verb_form=inf|aspect=impf
сделать	сделать	VERB	verb_form=inf|aspect=impf
сказать	сказать	VERB	verb_form=inf|aspect=impf
написать	написать	VERB	verb_form=inf|aspect=impf
прочитать	прочитать	VERB	verb_form=inf|aspect=impf
решить	решить	VERB	verb_form=inf|aspect=impf
перенести	перенести	VERB	verb_form=inf|aspect=impf
стоять	стоять	VERB	verb_form=inf|aspect=impf
жить	жить	VERB	verb_form=inf|aspect=impf
пить	пить	VERB	verb_form=inf|aspect=impf
есть	есть	VERB	verb_form=inf|aspect=impf
спать	спать	VERB	verb_form=inf|aspect=impf
бежать	бежать	VERB	verb_form=inf|aspect=impf
лететь	лететь	VERB	verb_form=inf|aspect=impf
управлять	управлять	VERB	verb_form=inf|aspect=impf
проверять	проверять	VERB	verb_form=inf|aspect=impf
зная	знать	GERUND	verb_form=gerund|aspect=impf
читая	читать	GERUND	verb_form=gerund|aspect=impf
говоря	говорить	GERUND	verb_form=gerund|aspect=impf
два	два	NUMR	num_class=paucal|case=nom
три	три	NUMR	num_class=paucal|case=nom
четыре	четыре	NUMR	num_class=paucal|case=nom
пять	пять	NUMR	num_class=many|case=nom
шесть	шесть	NUMR	num_class=many|case=nom
семь	семь	NUMR	num_class=many|case=nom
восемь	восемь	NUMR	num_class=many|case=nom
девять	девять	NUMR	num_class=many|case=nom
десять	десять	NUMR	num_class=many|case=nom
двадцать	двадцать	NUMR	num_class=many|case=nom
тридцать	тридцать	NUMR	num_class=many|case=nom
сорок	сорок	NUMR	num_class=many|case=nom
сто	сто	NUMR	num_class=many|case=nom
тысяча	тысяча	NUMR	num_class=many|case=nom
один	один	NUMR	num_class=one|gender=masc|number=sing|case=nom
одна	один	NUMR	num_class=one|gender=fem|number=sing|case=nom
одно	один	NUMR	num_class=one|gender=neut|number=sing|case=nom
одни	один	NUMR	num_class=one|number=plur|case=nom
он	он	PRON	gender=masc|number=sing|case=nom|person=3
она	она	PRON	gender=fem|number=sing|case=nom|person=3
оно	оно	PRON	gender=neut|number=sing|case=nom|person=3
они	они	PRON	number=plur|case=nom|person=3
его	он	PRON	gender=masc|number=sing|case=gen|person=3
её	она	PRON	gender=fem|number=sing|case=gen|person=3
их	они	PRON	number=plur|case=gen|person=3
ему	он	PRON	gender=masc|number=sing|case=dat|person=3
ей	она	PRON	gender=fem|number=sing|case=dat|person=3
им	они	PRON	number=plur|case=dat|person=3
я	я	PRON	number=sing|case=nom|person=1
ты	ты	PRON	number=sing|case=nom|person=2
мы	мы	PRON	number=plur|case=nom|person=1
вы	вы	PRON	number=plur|case=nom|person=2
меня	я	PRON	number=sing|case=gen|person=1
тебя	ты	PRON	number=sing|case=gen|person=2
нас	мы	PRON	number=plur|case=gen|person=1
вас	вы	PRON	number=plur|case=gen|person=2
мне	я	PRON	number=sing|case=dat|person=1
тебе	ты	PRON	number=sing|case=dat|person=2
нам	мы	PRON	number=plur|case=dat|person=1
вам	вы	PRON	number=plur|case=dat|person=2
себя	себя	PRON	case=gen
себе	себя	PRON	case=dat
кто	кто	PRON	case=nom
кого	кто	PRON	case=gen
кому	кто	PRON	case=dat
что	что	PRON	case=nom
чего	что	PRON	case=gen
этому	это	PRON	gender=masc|number=sing|case=dat
эта	это	PRON	gender=fem|number=sing|case=nom
эти	это	PRON	number=plur|case=nom
согласно	согласно	PREP	case=dative
благодаря	благодаря	PREP	case=dative
вопреки	вопреки	PREP	case=dative
точен	точный	ADJ	gender=masc|number=sing|adj_form=short|degree=pos
стабилен	стабильный	ADJ	gender=masc|number=sing|adj_form=short|degree=pos
свободен	свободный	ADJ	gender=masc|number=sing|adj_form=short|degree=pos
важен	важный	ADJ	gender=masc|number=sing|adj_form=short|degree=pos
быстр	быстрый	ADJ	gender=masc|number=sing|adj_form=short|degree=pos
силён	сильный	ADJ	gender=masc|number=sing|adj_form=short|degree=pos
слаб	слабый	ADJ	gender=masc|number=sing|adj_form=short|degree=pos
рядом	рядом	ADV	degree=pos
конечно	конечно	ADV	degree=pos
нельзя	нельзя	PRED	degree=pos
не	не	PART	degree=pos
на	на	PREP	case=accusative
в	в	PREP	case=accusative
оон	ООН	NOUN	gender=fem|number=sing|case=nom|animacy=inan
прочитанная	прочитать	VERB	gender=fem|number=sing|case=nom|adj_form=full|degree=pos|verb_form=participle
прочитанный	прочитать	VERB	gender=masc|number=sing|case=nom|adj_form=full|degree=pos|verb_form=participle
объединённых	объединённый	ADJ	number=plur|case=gen|adj_form=full|degree=pos
надёжный	надёжный	ADJ	gender=masc|number=sing|case=nom|adj_form=full|degree=pos
надёжного	надёжный	ADJ	gender=masc|number=sing|case=gen|adj_form=full|degree=pos
надёжному	надёжный	ADJ	gender=masc|number=sing|case=dat|adj_form=full|degree=pos
надёжным	надёжный	ADJ	gender=masc|number=sing|case=ins|adj_form=full|degree=pos
надёжном	надёжный	ADJ	gender=masc|number=sing|case=prep|adj_form=full|degree=pos
надёжная	надёжный	ADJ	gender=fem|number=sing|case=nom|adj_form=full|degree=pos
надёжной	надёжный	ADJ	gender=fem|number=sing|case=gen|adj_form=full|degree=pos
надёжную	надёжный	ADJ	gender=fem|number=sing|case=acc|adj_form=full|degree=pos
надёжное	надёжный	ADJ	gender=neut|number=sing|case=nom|adj_form=full|degree=pos
надёжные	надёжный	ADJ	number=plur|case=nom|adj_form=full|degree=pos
надёжных	надёжный	ADJ	number=plur|case=gen|adj_form=full|degree=pos
надежный	надёжный	ADJ	gender=masc|number=sing|case=nom|adj_form=full|degree=pos
